month,site_id,site_name,region,category,rentals
2021-08,S001,North Yard,Metro North,Excavator,3
2021-09,S001,North Yard,Metro North,Excavator,4
2021-10,S001,North Yard,Metro North,Excavator,1
2021-11,S001,North Yard,Metro North,Excavator,5
2021-12,S001,North Yard,Metro North,Excavator,1
2022-01,S001,North Yard,Metro North,Excavator,3
2022-02,S001,North Yard,Metro North,Excavator,1
2022-03,S001,North Yard,Metro North,Excavator,1
2022-04,S001,North Yard,Metro North,Excavator,3
2022-05,S001,North Yard,Metro North,Excavator,2
2022-06,S001,North Yard,Metro North,Excavator,1
2022-07,S001,North Yard,Metro North,Excavator,5
2022-08,S001,North Yard,Metro North,Excavator,0
2022-09,S001,North Yard,Metro North,Excavator,3
2022-10,S001,North Yard,Metro North,Excavator,2
2022-11,S001,North Yard,Metro North,Excavator,1
2022-12,S001,North Yard,Metro North,Excavator,0
2023-01,S001,North Yard,Metro North,Excavator,0
2023-02,S001,North Yard,Metro North,Excavator,3
2023-03,S001,North Yard,Metro North,Excavator,1
2023-04,S001,North Yard,Metro North,Excavator,0
2023-05,S001,North Yard,Metro North,Excavator,1
2023-06,S001,North Yard,Metro North,Excavator,1
2023-07,S001,North Yard,Metro North,Excavator,2
2023-08,S001,North Yard,Metro North,Excavator,0
2023-09,S001,North Yard,Metro North,Excavator,3
2023-10,S001,North Yard,Metro North,Excavator,3
2023-11,S001,North Yard,Metro North,Excavator,2
2023-12,S001,North Yard,Metro North,Excavator,1
2024-01,S001,North Yard,Metro North,Excavator,2
2024-02,S001,North Yard,Metro North,Excavator,2
2024-03,S001,North Yard,Metro North,Excavator,0
2024-04,S001,North Yard,Metro North,Excavator,1
2024-05,S001,North Yard,Metro North,Excavator,3
2024-06,S001,North Yard,Metro North,Excavator,1
2024-07,S001,North Yard,Metro North,Excavator,2
2024-08,S001,North Yard,Metro North,Excavator,4
2024-09,S001,North Yard,Metro North,Excavator,2
2024-10,S001,North Yard,Metro North,Excavator,2
2024-11,S001,North Yard,Metro North,Excavator,1
2024-12,S001,North Yard,Metro North,Excavator,2
2025-01,S001,North Yard,Metro North,Excavator,0
2025-02,S001,North Yard,Metro North,Excavator,1
2025-03,S001,North Yard,Metro North,Excavator,3
2025-04,S001,North Yard,Metro North,Excavator,2
2025-05,S001,North Yard,Metro North,Excavator,7
2025-06,S001,North Yard,Metro North,Excavator,2
2025-07,S001,North Yard,Metro North,Excavator,3
2025-08,S001,North Yard,Metro North,Excavator,4
2025-09,S001,North Yard,Metro North,Excavator,3
2025-10,S001,North Yard,Metro North,Excavator,1
2025-11,S001,North Yard,Metro North,Excavator,1
2025-12,S001,North Yard,Metro North,Excavator,1
2026-01,S001,North Yard,Metro North,Excavator,2
2026-02,S001,North Yard,Metro North,Excavator,1
2026-03,S001,North Yard,Metro North,Excavator,3
2026-04,S001,North Yard,Metro North,Excavator,1
2026-05,S001,North Yard,Metro North,Excavator,5
2026-06,S001,North Yard,Metro North,Excavator,0
2026-07,S001,North Yard,Metro North,Excavator,4
2021-08,S001,North Yard,Metro North,Bulldozer,1
2021-09,S001,North Yard,Metro North,Bulldozer,2
2021-10,S001,North Yard,Metro North,Bulldozer,1
2021-11,S001,North Yard,Metro North,Bulldozer,1
2021-12,S001,North Yard,Metro North,Bulldozer,0
2022-01,S001,North Yard,Metro North,Bulldozer,0
2022-02,S001,North Yard,Metro North,Bulldozer,0
2022-03,S001,North Yard,Metro North,Bulldozer,0
2022-04,S001,North Yard,Metro North,Bulldozer,2
2022-05,S001,North Yard,Metro North,Bulldozer,3
2022-06,S001,North Yard,Metro North,Bulldozer,1
2022-07,S001,North Yard,Metro North,Bulldozer,0
2022-08,S001,North Yard,Metro North,Bulldozer,1
2022-09,S001,North Yard,Metro North,Bulldozer,0
2022-10,S001,North Yard,Metro North,Bulldozer,6
2022-11,S001,North Yard,Metro North,Bulldozer,2
2022-12,S001,North Yard,Metro North,Bulldozer,1
2023-01,S001,North Yard,Metro North,Bulldozer,1
2023-02,S001,North Yard,Metro North,Bulldozer,1
2023-03,S001,North Yard,Metro North,Bulldozer,0
2023-04,S001,North Yard,Metro North,Bulldozer,0
2023-05,S001,North Yard,Metro North,Bulldozer,2
2023-06,S001,North Yard,Metro North,Bulldozer,3
2023-07,S001,North Yard,Metro North,Bulldozer,1
2023-08,S001,North Yard,Metro North,Bulldozer,2
2023-09,S001,North Yard,Metro North,Bulldozer,0
2023-10,S001,North Yard,Metro North,Bulldozer,0
2023-11,S001,North Yard,Metro North,Bulldozer,0
2023-12,S001,North Yard,Metro North,Bulldozer,2
2024-01,S001,North Yard,Metro North,Bulldozer,1
2024-02,S001,North Yard,Metro North,Bulldozer,0
2024-03,S001,North Yard,Metro North,Bulldozer,1
2024-04,S001,North Yard,Metro North,Bulldozer,1
2024-05,S001,North Yard,Metro North,Bulldozer,1
2024-06,S001,North Yard,Metro North,Bulldozer,0
2024-07,S001,North Yard,Metro North,Bulldozer,0
2024-08,S001,North Yard,Metro North,Bulldozer,2
2024-09,S001,North Yard,Metro North,Bulldozer,2
2024-10,S001,North Yard,Metro North,Bulldozer,1
2024-11,S001,North Yard,Metro North,Bulldozer,2
2024-12,S001,North Yard,Metro North,Bulldozer,3
2025-01,S001,North Yard,Metro North,Bulldozer,3
2025-02,S001,North Yard,Metro North,Bulldozer,1
2025-03,S001,North Yard,Metro North,Bulldozer,1
2025-04,S001,North Yard,Metro North,Bulldozer,1
2025-05,S001,North Yard,Metro North,Bulldozer,1
2025-06,S001,North Yard,Metro North,Bulldozer,1
2025-07,S001,North Yard,Metro North,Bulldozer,1
2025-08,S001,North Yard,Metro North,Bulldozer,0
2025-09,S001,North Yard,Metro North,Bulldozer,0
2025-10,S001,North Yard,Metro North,Bulldozer,0
2025-11,S001,North Yard,Metro North,Bulldozer,0
2025-12,S001,North Yard,Metro North,Bulldozer,2
2026-01,S001,North Yard,Metro North,Bulldozer,0
2026-02,S001,North Yard,Metro North,Bulldozer,2
2026-03,S001,North Yard,Metro North,Bulldozer,0
2026-04,S001,North Yard,Metro North,Bulldozer,4
2026-05,S001,North Yard,Metro North,Bulldozer,0
2026-06,S001,North Yard,Metro North,Bulldozer,3
2026-07,S001,North Yard,Metro North,Bulldozer,0
2021-08,S001,North Yard,Metro North,Crane,1
2021-09,S001,North Yard,Metro North,Crane,1
2021-10,S001,North Yard,Metro North,Crane,0
2021-11,S001,North Yard,Metro North,Crane,1
2021-12,S001,North Yard,Metro North,Crane,1
2022-01,S001,North Yard,Metro North,Crane,1
2022-02,S001,North Yard,Metro North,Crane,2
2022-03,S001,North Yard,Metro North,Crane,0
2022-04,S001,North Yard,Metro North,Crane,0
2022-05,S001,North Yard,Metro North,Crane,0
2022-06,S001,North Yard,Metro North,Crane,1
2022-07,S001,North Yard,Metro North,Crane,0
2022-08,S001,North Yard,Metro North,Crane,0
2022-09,S001,North Yard,Metro North,Crane,0
2022-10,S001,North Yard,Metro North,Crane,0
2022-11,S001,North Yard,Metro North,Crane,2
2022-12,S001,North Yard,Metro North,Crane,2
2023-01,S001,North Yard,Metro North,Crane,2
2023-02,S001,North Yard,Metro North,Crane,4
2023-03,S001,North Yard,Metro North,Crane,1
2023-04,S001,North Yard,Metro North,Crane,0
2023-05,S001,North Yard,Metro North,Crane,0
2023-06,S001,North Yard,Metro North,Crane,0
2023-07,S001,North Yard,Metro North,Crane,0
2023-08,S001,North Yard,Metro North,Crane,0
2023-09,S001,North Yard,Metro North,Crane,0
2023-10,S001,North Yard,Metro North,Crane,1
2023-11,S001,North Yard,Metro North,Crane,1
2023-12,S001,North Yard,Metro North,Crane,3
2024-01,S001,North Yard,Metro North,Crane,1
2024-02,S001,North Yard,Metro North,Crane,0
2024-03,S001,North Yard,Metro North,Crane,1
2024-04,S001,North Yard,Metro North,Crane,2
2024-05,S001,North Yard,Metro North,Crane,1
2024-06,S001,North Yard,Metro North,Crane,0
2024-07,S001,North Yard,Metro North,Crane,1
2024-08,S001,North Yard,Metro North,Crane,0
2024-09,S001,North Yard,Metro North,Crane,1
2024-10,S001,North Yard,Metro North,Crane,0
2024-11,S001,North Yard,Metro North,Crane,1
2024-12,S001,North Yard,Metro North,Crane,0
2025-01,S001,North Yard,Metro North,Crane,1
2025-02,S001,North Yard,Metro North,Crane,1
2025-03,S001,North Yard,Metro North,Crane,0
2025-04,S001,North Yard,Metro North,Crane,1
2025-05,S001,North Yard,Metro North,Crane,1
2025-06,S001,North Yard,Metro North,Crane,0
2025-07,S001,North Yard,Metro North,Crane,0
2025-08,S001,North Yard,Metro North,Crane,0
2025-09,S001,North Yard,Metro North,Crane,1
2025-10,S001,North Yard,Metro North,Crane,0
2025-11,S001,North Yard,Metro North,Crane,1
2025-12,S001,North Yard,Metro North,Crane,1
2026-01,S001,North Yard,Metro North,Crane,1
2026-02,S001,North Yard,Metro North,Crane,0
2026-03,S001,North Yard,Metro North,Crane,2
2026-04,S001,North Yard,Metro North,Crane,1
2026-05,S001,North Yard,Metro North,Crane,1
2026-06,S001,North Yard,Metro North,Crane,0
2026-07,S001,North Yard,Metro North,Crane,1
2021-08,S001,North Yard,Metro North,Grader,0
2021-09,S001,North Yard,Metro North,Grader,0
2021-10,S001,North Yard,Metro North,Grader,3
2021-11,S001,North Yard,Metro North,Grader,0
2021-12,S001,North Yard,Metro North,Grader,1
2022-01,S001,North Yard,Metro North,Grader,2
2022-02,S001,North Yard,Metro North,Grader,0
2022-03,S001,North Yard,Metro North,Grader,1
2022-04,S001,North Yard,Metro North,Grader,1
2022-05,S001,North Yard,Metro North,Grader,1
2022-06,S001,North Yard,Metro North,Grader,1
2022-07,S001,North Yard,Metro North,Grader,1
2022-08,S001,North Yard,Metro North,Grader,0
2022-09,S001,North Yard,Metro North,Grader,0
2022-10,S001,North Yard,Metro North,Grader,0
2022-11,S001,North Yard,Metro North,Grader,2
2022-12,S001,North Yard,Metro North,Grader,0
2023-01,S001,North Yard,Metro North,Grader,2
2023-02,S001,North Yard,Metro North,Grader,1
2023-03,S001,North Yard,Metro North,Grader,0
2023-04,S001,North Yard,Metro North,Grader,0
2023-05,S001,North Yard,Metro North,Grader,0
2023-06,S001,North Yard,Metro North,Grader,0
2023-07,S001,North Yard,Metro North,Grader,2
2023-08,S001,North Yard,Metro North,Grader,1
2023-09,S001,North Yard,Metro North,Grader,1
2023-10,S001,North Yard,Metro North,Grader,0
2023-11,S001,North Yard,Metro North,Grader,0
2023-12,S001,North Yard,Metro North,Grader,0
2024-01,S001,North Yard,Metro North,Grader,1
2024-02,S001,North Yard,Metro North,Grader,2
2024-03,S001,North Yard,Metro North,Grader,2
2024-04,S001,North Yard,Metro North,Grader,1
2024-05,S001,North Yard,Metro North,Grader,0
2024-06,S001,North Yard,Metro North,Grader,1
2024-07,S001,North Yard,Metro North,Grader,0
2024-08,S001,North Yard,Metro North,Grader,0
2024-09,S001,North Yard,Metro North,Grader,0
2024-10,S001,North Yard,Metro North,Grader,0
2024-11,S001,North Yard,Metro North,Grader,0
2024-12,S001,North Yard,Metro North,Grader,0
2025-01,S001,North Yard,Metro North,Grader,0
2025-02,S001,North Yard,Metro North,Grader,0
2025-03,S001,North Yard,Metro North,Grader,0
2025-04,S001,North Yard,Metro North,Grader,0
2025-05,S001,North Yard,Metro North,Grader,1
2025-06,S001,North Yard,Metro North,Grader,1
2025-07,S001,North Yard,Metro North,Grader,2
2025-08,S001,North Yard,Metro North,Grader,1
2025-09,S001,North Yard,Metro North,Grader,0
2025-10,S001,North Yard,Metro North,Grader,1
2025-11,S001,North Yard,Metro North,Grader,1
2025-12,S001,North Yard,Metro North,Grader,0
2026-01,S001,North Yard,Metro North,Grader,0
2026-02,S001,North Yard,Metro North,Grader,0
2026-03,S001,North Yard,Metro North,Grader,1
2026-04,S001,North Yard,Metro North,Grader,2
2026-05,S001,North Yard,Metro North,Grader,1
2026-06,S001,North Yard,Metro North,Grader,1
2026-07,S001,North Yard,Metro North,Grader,0
2021-08,S001,North Yard,Metro North,Forklift,0
2021-09,S001,North Yard,Metro North,Forklift,0
2021-10,S001,North Yard,Metro North,Forklift,2
2021-11,S001,North Yard,Metro North,Forklift,2
2021-12,S001,North Yard,Metro North,Forklift,1
2022-01,S001,North Yard,Metro North,Forklift,1
2022-02,S001,North Yard,Metro North,Forklift,2
2022-03,S001,North Yard,Metro North,Forklift,2
2022-04,S001,North Yard,Metro North,Forklift,0
2022-05,S001,North Yard,Metro North,Forklift,0
2022-06,S001,North Yard,Metro North,Forklift,1
2022-07,S001,North Yard,Metro North,Forklift,0
2022-08,S001,North Yard,Metro North,Forklift,0
2022-09,S001,North Yard,Metro North,Forklift,1
2022-10,S001,North Yard,Metro North,Forklift,2
2022-11,S001,North Yard,Metro North,Forklift,1
2022-12,S001,North Yard,Metro North,Forklift,2
2023-01,S001,North Yard,Metro North,Forklift,3
2023-02,S001,North Yard,Metro North,Forklift,0
2023-03,S001,North Yard,Metro North,Forklift,3
2023-04,S001,North Yard,Metro North,Forklift,2
2023-05,S001,North Yard,Metro North,Forklift,3
2023-06,S001,North Yard,Metro North,Forklift,2
2023-07,S001,North Yard,Metro North,Forklift,1
2023-08,S001,North Yard,Metro North,Forklift,2
2023-09,S001,North Yard,Metro North,Forklift,0
2023-10,S001,North Yard,Metro North,Forklift,2
2023-11,S001,North Yard,Metro North,Forklift,1
2023-12,S001,North Yard,Metro North,Forklift,1
2024-01,S001,North Yard,Metro North,Forklift,1
2024-02,S001,North Yard,Metro North,Forklift,1
2024-03,S001,North Yard,Metro North,Forklift,1
2024-04,S001,North Yard,Metro North,Forklift,0
2024-05,S001,North Yard,Metro North,Forklift,0
2024-06,S001,North Yard,Metro North,Forklift,0
2024-07,S001,North Yard,Metro North,Forklift,2
2024-08,S001,North Yard,Metro North,Forklift,0
2024-09,S001,North Yard,Metro North,Forklift,6
2024-10,S001,North Yard,Metro North,Forklift,0
2024-11,S001,North Yard,Metro North,Forklift,0
2024-12,S001,North Yard,Metro North,Forklift,1
2025-01,S001,North Yard,Metro North,Forklift,0
2025-02,S001,North Yard,Metro North,Forklift,3
2025-03,S001,North Yard,Metro North,Forklift,1
2025-04,S001,North Yard,Metro North,Forklift,0
2025-05,S001,North Yard,Metro North,Forklift,0
2025-06,S001,North Yard,Metro North,Forklift,0
2025-07,S001,North Yard,Metro North,Forklift,1
2025-08,S001,North Yard,Metro North,Forklift,1
2025-09,S001,North Yard,Metro North,Forklift,2
2025-10,S001,North Yard,Metro North,Forklift,0
2025-11,S001,North Yard,Metro North,Forklift,0
2025-12,S001,North Yard,Metro North,Forklift,3
2026-01,S001,North Yard,Metro North,Forklift,1
2026-02,S001,North Yard,Metro North,Forklift,0
2026-03,S001,North Yard,Metro North,Forklift,2
2026-04,S001,North Yard,Metro North,Forklift,1
2026-05,S001,North Yard,Metro North,Forklift,2
2026-06,S001,North Yard,Metro North,Forklift,1
2026-07,S001,North Yard,Metro North,Forklift,0
2021-08,S001,North Yard,Metro North,Loader,0
2021-09,S001,North Yard,Metro North,Loader,0
2021-10,S001,North Yard,Metro North,Loader,0
2021-11,S001,North Yard,Metro North,Loader,1
2021-12,S001,North Yard,Metro North,Loader,0
2022-01,S001,North Yard,Metro North,Loader,0
2022-02,S001,North Yard,Metro North,Loader,0
2022-03,S001,North Yard,Metro North,Loader,0
2022-04,S001,North Yard,Metro North,Loader,0
2022-05,S001,North Yard,Metro North,Loader,0
2022-06,S001,North Yard,Metro North,Loader,0
2022-07,S001,North Yard,Metro North,Loader,0
2022-08,S001,North Yard,Metro North,Loader,0
2022-09,S001,North Yard,Metro North,Loader,1
2022-10,S001,North Yard,Metro North,Loader,0
2022-11,S001,North Yard,Metro North,Loader,2
2022-12,S001,North Yard,Metro North,Loader,3
2023-01,S001,North Yard,Metro North,Loader,0
2023-02,S001,North Yard,Metro North,Loader,0
2023-03,S001,North Yard,Metro North,Loader,0
2023-04,S001,North Yard,Metro North,Loader,1
2023-05,S001,North Yard,Metro North,Loader,0
2023-06,S001,North Yard,Metro North,Loader,0
2023-07,S001,North Yard,Metro North,Loader,1
2023-08,S001,North Yard,Metro North,Loader,2
2023-09,S001,North Yard,Metro North,Loader,0
2023-10,S001,North Yard,Metro North,Loader,2
2023-11,S001,North Yard,Metro North,Loader,0
2023-12,S001,North Yard,Metro North,Loader,0
2024-01,S001,North Yard,Metro North,Loader,2
2024-02,S001,North Yard,Metro North,Loader,2
2024-03,S001,North Yard,Metro North,Loader,1
2024-04,S001,North Yard,Metro North,Loader,0
2024-05,S001,North Yard,Metro North,Loader,0
2024-06,S001,North Yard,Metro North,Loader,2
2024-07,S001,North Yard,Metro North,Loader,1
2024-08,S001,North Yard,Metro North,Loader,1
2024-09,S001,North Yard,Metro North,Loader,0
2024-10,S001,North Yard,Metro North,Loader,4
2024-11,S001,North Yard,Metro North,Loader,1
2024-12,S001,North Yard,Metro North,Loader,1
2025-01,S001,North Yard,Metro North,Loader,1
2025-02,S001,North Yard,Metro North,Loader,2
2025-03,S001,North Yard,Metro North,Loader,0
2025-04,S001,North Yard,Metro North,Loader,1
2025-05,S001,North Yard,Metro North,Loader,0
2025-06,S001,North Yard,Metro North,Loader,1
2025-07,S001,North Yard,Metro North,Loader,0
2025-08,S001,North Yard,Metro North,Loader,2
2025-09,S001,North Yard,Metro North,Loader,1
2025-10,S001,North Yard,Metro North,Loader,0
2025-11,S001,North Yard,Metro North,Loader,1
2025-12,S001,North Yard,Metro North,Loader,0
2026-01,S001,North Yard,Metro North,Loader,0
2026-02,S001,North Yard,Metro North,Loader,2
2026-03,S001,North Yard,Metro North,Loader,2
2026-04,S001,North Yard,Metro North,Loader,1
2026-05,S001,North Yard,Metro North,Loader,0
2026-06,S001,North Yard,Metro North,Loader,2
2026-07,S001,North Yard,Metro North,Loader,2
2021-08,S001,North Yard,Metro North,Roller,0
2021-09,S001,North Yard,Metro North,Roller,0
2021-10,S001,North Yard,Metro North,Roller,0
2021-11,S001,North Yard,Metro North,Roller,0
2021-12,S001,North Yard,Metro North,Roller,1
2022-01,S001,North Yard,Metro North,Roller,2
2022-02,S001,North Yard,Metro North,Roller,0
2022-03,S001,North Yard,Metro North,Roller,1
2022-04,S001,North Yard,Metro North,Roller,0
2022-05,S001,North Yard,Metro North,Roller,0
2022-06,S001,North Yard,Metro North,Roller,0
2022-07,S001,North Yard,Metro North,Roller,1
2022-08,S001,North Yard,Metro North,Roller,0
2022-09,S001,North Yard,Metro North,Roller,1
2022-10,S001,North Yard,Metro North,Roller,0
2022-11,S001,North Yard,Metro North,Roller,0
2022-12,S001,North Yard,Metro North,Roller,3
2023-01,S001,North Yard,Metro North,Roller,1
2023-02,S001,North Yard,Metro North,Roller,0
2023-03,S001,North Yard,Metro North,Roller,1
2023-04,S001,North Yard,Metro North,Roller,0
2023-05,S001,North Yard,Metro North,Roller,0
2023-06,S001,North Yard,Metro North,Roller,0
2023-07,S001,North Yard,Metro North,Roller,1
2023-08,S001,North Yard,Metro North,Roller,0
2023-09,S001,North Yard,Metro North,Roller,0
2023-10,S001,North Yard,Metro North,Roller,1
2023-11,S001,North Yard,Metro North,Roller,0
2023-12,S001,North Yard,Metro North,Roller,1
2024-01,S001,North Yard,Metro North,Roller,0
2024-02,S001,North Yard,Metro North,Roller,1
2024-03,S001,North Yard,Metro North,Roller,1
2024-04,S001,North Yard,Metro North,Roller,0
2024-05,S001,North Yard,Metro North,Roller,0
2024-06,S001,North Yard,Metro North,Roller,0
2024-07,S001,North Yard,Metro North,Roller,1
2024-08,S001,North Yard,Metro North,Roller,0
2024-09,S001,North Yard,Metro North,Roller,1
2024-10,S001,North Yard,Metro North,Roller,2
2024-11,S001,North Yard,Metro North,Roller,0
2024-12,S001,North Yard,Metro North,Roller,0
2025-01,S001,North Yard,Metro North,Roller,2
2025-02,S001,North Yard,Metro North,Roller,0
2025-03,S001,North Yard,Metro North,Roller,0
2025-04,S001,North Yard,Metro North,Roller,0
2025-05,S001,North Yard,Metro North,Roller,0
2025-06,S001,North Yard,Metro North,Roller,0
2025-07,S001,North Yard,Metro North,Roller,0
2025-08,S001,North Yard,Metro North,Roller,0
2025-09,S001,North Yard,Metro North,Roller,0
2025-10,S001,North Yard,Metro North,Roller,3
2025-11,S001,North Yard,Metro North,Roller,4
2025-12,S001,North Yard,Metro North,Roller,2
2026-01,S001,North Yard,Metro North,Roller,0
2026-02,S001,North Yard,Metro North,Roller,0
2026-03,S001,North Yard,Metro North,Roller,0
2026-04,S001,North Yard,Metro North,Roller,0
2026-05,S001,North Yard,Metro North,Roller,0
2026-06,S001,North Yard,Metro North,Roller,0
2026-07,S001,North Yard,Metro North,Roller,1
2021-08,S002,Riverside Site,Metro East,Excavator,2
2021-09,S002,Riverside Site,Metro East,Excavator,2
2021-10,S002,Riverside Site,Metro East,Excavator,3
2021-11,S002,Riverside Site,Metro East,Excavator,2
2021-12,S002,Riverside Site,Metro East,Excavator,0
2022-01,S002,Riverside Site,Metro East,Excavator,1
2022-02,S002,Riverside Site,Metro East,Excavator,3
2022-03,S002,Riverside Site,Metro East,Excavator,1
2022-04,S002,Riverside Site,Metro East,Excavator,1
2022-05,S002,Riverside Site,Metro East,Excavator,2
2022-06,S002,Riverside Site,Metro East,Excavator,0
2022-07,S002,Riverside Site,Metro East,Excavator,2
2022-08,S002,Riverside Site,Metro East,Excavator,1
2022-09,S002,Riverside Site,Metro East,Excavator,2
2022-10,S002,Riverside Site,Metro East,Excavator,1
2022-11,S002,Riverside Site,Metro East,Excavator,2
2022-12,S002,Riverside Site,Metro East,Excavator,0
2023-01,S002,Riverside Site,Metro East,Excavator,0
2023-02,S002,Riverside Site,Metro East,Excavator,3
2023-03,S002,Riverside Site,Metro East,Excavator,2
2023-04,S002,Riverside Site,Metro East,Excavator,0
2023-05,S002,Riverside Site,Metro East,Excavator,2
2023-06,S002,Riverside Site,Metro East,Excavator,2
2023-07,S002,Riverside Site,Metro East,Excavator,1
2023-08,S002,Riverside Site,Metro East,Excavator,1
2023-09,S002,Riverside Site,Metro East,Excavator,3
2023-10,S002,Riverside Site,Metro East,Excavator,2
2023-11,S002,Riverside Site,Metro East,Excavator,1
2023-12,S002,Riverside Site,Metro East,Excavator,5
2024-01,S002,Riverside Site,Metro East,Excavator,2
2024-02,S002,Riverside Site,Metro East,Excavator,2
2024-03,S002,Riverside Site,Metro East,Excavator,1
2024-04,S002,Riverside Site,Metro East,Excavator,0
2024-05,S002,Riverside Site,Metro East,Excavator,3
2024-06,S002,Riverside Site,Metro East,Excavator,2
2024-07,S002,Riverside Site,Metro East,Excavator,3
2024-08,S002,Riverside Site,Metro East,Excavator,0
2024-09,S002,Riverside Site,Metro East,Excavator,3
2024-10,S002,Riverside Site,Metro East,Excavator,4
2024-11,S002,Riverside Site,Metro East,Excavator,0
2024-12,S002,Riverside Site,Metro East,Excavator,3
2025-01,S002,Riverside Site,Metro East,Excavator,1
2025-02,S002,Riverside Site,Metro East,Excavator,1
2025-03,S002,Riverside Site,Metro East,Excavator,0
2025-04,S002,Riverside Site,Metro East,Excavator,0
2025-05,S002,Riverside Site,Metro East,Excavator,2
2025-06,S002,Riverside Site,Metro East,Excavator,3
2025-07,S002,Riverside Site,Metro East,Excavator,2
2025-08,S002,Riverside Site,Metro East,Excavator,4
2025-09,S002,Riverside Site,Metro East,Excavator,4
2025-10,S002,Riverside Site,Metro East,Excavator,2
2025-11,S002,Riverside Site,Metro East,Excavator,1
2025-12,S002,Riverside Site,Metro East,Excavator,2
2026-01,S002,Riverside Site,Metro East,Excavator,1
2026-02,S002,Riverside Site,Metro East,Excavator,3
2026-03,S002,Riverside Site,Metro East,Excavator,1
2026-04,S002,Riverside Site,Metro East,Excavator,2
2026-05,S002,Riverside Site,Metro East,Excavator,1
2026-06,S002,Riverside Site,Metro East,Excavator,1
2026-07,S002,Riverside Site,Metro East,Excavator,1
2021-08,S002,Riverside Site,Metro East,Bulldozer,0
2021-09,S002,Riverside Site,Metro East,Bulldozer,1
2021-10,S002,Riverside Site,Metro East,Bulldozer,0
2021-11,S002,Riverside Site,Metro East,Bulldozer,0
2021-12,S002,Riverside Site,Metro East,Bulldozer,0
2022-01,S002,Riverside Site,Metro East,Bulldozer,0
2022-02,S002,Riverside Site,Metro East,Bulldozer,2
2022-03,S002,Riverside Site,Metro East,Bulldozer,2
2022-04,S002,Riverside Site,Metro East,Bulldozer,1
2022-05,S002,Riverside Site,Metro East,Bulldozer,0
2022-06,S002,Riverside Site,Metro East,Bulldozer,1
2022-07,S002,Riverside Site,Metro East,Bulldozer,2
2022-08,S002,Riverside Site,Metro East,Bulldozer,5
2022-09,S002,Riverside Site,Metro East,Bulldozer,0
2022-10,S002,Riverside Site,Metro East,Bulldozer,2
2022-11,S002,Riverside Site,Metro East,Bulldozer,0
2022-12,S002,Riverside Site,Metro East,Bulldozer,0
2023-01,S002,Riverside Site,Metro East,Bulldozer,0
2023-02,S002,Riverside Site,Metro East,Bulldozer,1
2023-03,S002,Riverside Site,Metro East,Bulldozer,1
2023-04,S002,Riverside Site,Metro East,Bulldozer,0
2023-05,S002,Riverside Site,Metro East,Bulldozer,1
2023-06,S002,Riverside Site,Metro East,Bulldozer,1
2023-07,S002,Riverside Site,Metro East,Bulldozer,1
2023-08,S002,Riverside Site,Metro East,Bulldozer,1
2023-09,S002,Riverside Site,Metro East,Bulldozer,0
2023-10,S002,Riverside Site,Metro East,Bulldozer,2
2023-11,S002,Riverside Site,Metro East,Bulldozer,2
2023-12,S002,Riverside Site,Metro East,Bulldozer,1
2024-01,S002,Riverside Site,Metro East,Bulldozer,0
2024-02,S002,Riverside Site,Metro East,Bulldozer,2
2024-03,S002,Riverside Site,Metro East,Bulldozer,2
2024-04,S002,Riverside Site,Metro East,Bulldozer,0
2024-05,S002,Riverside Site,Metro East,Bulldozer,1
2024-06,S002,Riverside Site,Metro East,Bulldozer,0
2024-07,S002,Riverside Site,Metro East,Bulldozer,1
2024-08,S002,Riverside Site,Metro East,Bulldozer,2
2024-09,S002,Riverside Site,Metro East,Bulldozer,0
2024-10,S002,Riverside Site,Metro East,Bulldozer,2
2024-11,S002,Riverside Site,Metro East,Bulldozer,0
2024-12,S002,Riverside Site,Metro East,Bulldozer,0
2025-01,S002,Riverside Site,Metro East,Bulldozer,1
2025-02,S002,Riverside Site,Metro East,Bulldozer,1
2025-03,S002,Riverside Site,Metro East,Bulldozer,0
2025-04,S002,Riverside Site,Metro East,Bulldozer,2
2025-05,S002,Riverside Site,Metro East,Bulldozer,5
2025-06,S002,Riverside Site,Metro East,Bulldozer,2
2025-07,S002,Riverside Site,Metro East,Bulldozer,0
2025-08,S002,Riverside Site,Metro East,Bulldozer,2
2025-09,S002,Riverside Site,Metro East,Bulldozer,1
2025-10,S002,Riverside Site,Metro East,Bulldozer,2
2025-11,S002,Riverside Site,Metro East,Bulldozer,4
2025-12,S002,Riverside Site,Metro East,Bulldozer,2
2026-01,S002,Riverside Site,Metro East,Bulldozer,1
2026-02,S002,Riverside Site,Metro East,Bulldozer,0
2026-03,S002,Riverside Site,Metro East,Bulldozer,1
2026-04,S002,Riverside Site,Metro East,Bulldozer,0
2026-05,S002,Riverside Site,Metro East,Bulldozer,2
2026-06,S002,Riverside Site,Metro East,Bulldozer,1
2026-07,S002,Riverside Site,Metro East,Bulldozer,0
2021-08,S002,Riverside Site,Metro East,Crane,3
2021-09,S002,Riverside Site,Metro East,Crane,1
2021-10,S002,Riverside Site,Metro East,Crane,0
2021-11,S002,Riverside Site,Metro East,Crane,2
2021-12,S002,Riverside Site,Metro East,Crane,1
2022-01,S002,Riverside Site,Metro East,Crane,0
2022-02,S002,Riverside Site,Metro East,Crane,1
2022-03,S002,Riverside Site,Metro East,Crane,0
2022-04,S002,Riverside Site,Metro East,Crane,2
2022-05,S002,Riverside Site,Metro East,Crane,0
2022-06,S002,Riverside Site,Metro East,Crane,0
2022-07,S002,Riverside Site,Metro East,Crane,1
2022-08,S002,Riverside Site,Metro East,Crane,2
2022-09,S002,Riverside Site,Metro East,Crane,2
2022-10,S002,Riverside Site,Metro East,Crane,0
2022-11,S002,Riverside Site,Metro East,Crane,1
2022-12,S002,Riverside Site,Metro East,Crane,0
2023-01,S002,Riverside Site,Metro East,Crane,0
2023-02,S002,Riverside Site,Metro East,Crane,0
2023-03,S002,Riverside Site,Metro East,Crane,1
2023-04,S002,Riverside Site,Metro East,Crane,0
2023-05,S002,Riverside Site,Metro East,Crane,2
2023-06,S002,Riverside Site,Metro East,Crane,0
2023-07,S002,Riverside Site,Metro East,Crane,1
2023-08,S002,Riverside Site,Metro East,Crane,0
2023-09,S002,Riverside Site,Metro East,Crane,2
2023-10,S002,Riverside Site,Metro East,Crane,1
2023-11,S002,Riverside Site,Metro East,Crane,2
2023-12,S002,Riverside Site,Metro East,Crane,2
2024-01,S002,Riverside Site,Metro East,Crane,4
2024-02,S002,Riverside Site,Metro East,Crane,0
2024-03,S002,Riverside Site,Metro East,Crane,0
2024-04,S002,Riverside Site,Metro East,Crane,0
2024-05,S002,Riverside Site,Metro East,Crane,1
2024-06,S002,Riverside Site,Metro East,Crane,0
2024-07,S002,Riverside Site,Metro East,Crane,0
2024-08,S002,Riverside Site,Metro East,Crane,2
2024-09,S002,Riverside Site,Metro East,Crane,0
2024-10,S002,Riverside Site,Metro East,Crane,0
2024-11,S002,Riverside Site,Metro East,Crane,0
2024-12,S002,Riverside Site,Metro East,Crane,0
2025-01,S002,Riverside Site,Metro East,Crane,0
2025-02,S002,Riverside Site,Metro East,Crane,1
2025-03,S002,Riverside Site,Metro East,Crane,1
2025-04,S002,Riverside Site,Metro East,Crane,0
2025-05,S002,Riverside Site,Metro East,Crane,3
2025-06,S002,Riverside Site,Metro East,Crane,2
2025-07,S002,Riverside Site,Metro East,Crane,2
2025-08,S002,Riverside Site,Metro East,Crane,4
2025-09,S002,Riverside Site,Metro East,Crane,2
2025-10,S002,Riverside Site,Metro East,Crane,2
2025-11,S002,Riverside Site,Metro East,Crane,0
2025-12,S002,Riverside Site,Metro East,Crane,0
2026-01,S002,Riverside Site,Metro East,Crane,1
2026-02,S002,Riverside Site,Metro East,Crane,0
2026-03,S002,Riverside Site,Metro East,Crane,1
2026-04,S002,Riverside Site,Metro East,Crane,0
2026-05,S002,Riverside Site,Metro East,Crane,0
2026-06,S002,Riverside Site,Metro East,Crane,0
2026-07,S002,Riverside Site,Metro East,Crane,0
2021-08,S002,Riverside Site,Metro East,Grader,1
2021-09,S002,Riverside Site,Metro East,Grader,0
2021-10,S002,Riverside Site,Metro East,Grader,1
2021-11,S002,Riverside Site,Metro East,Grader,0
2021-12,S002,Riverside Site,Metro East,Grader,1
2022-01,S002,Riverside Site,Metro East,Grader,0
2022-02,S002,Riverside Site,Metro East,Grader,0
2022-03,S002,Riverside Site,Metro East,Grader,0
2022-04,S002,Riverside Site,Metro East,Grader,0
2022-05,S002,Riverside Site,Metro East,Grader,0
2022-06,S002,Riverside Site,Metro East,Grader,0
2022-07,S002,Riverside Site,Metro East,Grader,0
2022-08,S002,Riverside Site,Metro East,Grader,2
2022-09,S002,Riverside Site,Metro East,Grader,0
2022-10,S002,Riverside Site,Metro East,Grader,1
2022-11,S002,Riverside Site,Metro East,Grader,3
2022-12,S002,Riverside Site,Metro East,Grader,1
2023-01,S002,Riverside Site,Metro East,Grader,0
2023-02,S002,Riverside Site,Metro East,Grader,0
2023-03,S002,Riverside Site,Metro East,Grader,0
2023-04,S002,Riverside Site,Metro East,Grader,1
2023-05,S002,Riverside Site,Metro East,Grader,0
2023-06,S002,Riverside Site,Metro East,Grader,1
2023-07,S002,Riverside Site,Metro East,Grader,0
2023-08,S002,Riverside Site,Metro East,Grader,1
2023-09,S002,Riverside Site,Metro East,Grader,1
2023-10,S002,Riverside Site,Metro East,Grader,0
2023-11,S002,Riverside Site,Metro East,Grader,1
2023-12,S002,Riverside Site,Metro East,Grader,1
2024-01,S002,Riverside Site,Metro East,Grader,0
2024-02,S002,Riverside Site,Metro East,Grader,0
2024-03,S002,Riverside Site,Metro East,Grader,1
2024-04,S002,Riverside Site,Metro East,Grader,1
2024-05,S002,Riverside Site,Metro East,Grader,0
2024-06,S002,Riverside Site,Metro East,Grader,1
2024-07,S002,Riverside Site,Metro East,Grader,0
2024-08,S002,Riverside Site,Metro East,Grader,0
2024-09,S002,Riverside Site,Metro East,Grader,0
2024-10,S002,Riverside Site,Metro East,Grader,0
2024-11,S002,Riverside Site,Metro East,Grader,0
2024-12,S002,Riverside Site,Metro East,Grader,0
2025-01,S002,Riverside Site,Metro East,Grader,1
2025-02,S002,Riverside Site,Metro East,Grader,0
2025-03,S002,Riverside Site,Metro East,Grader,0
2025-04,S002,Riverside Site,Metro East,Grader,0
2025-05,S002,Riverside Site,Metro East,Grader,0
2025-06,S002,Riverside Site,Metro East,Grader,1
2025-07,S002,Riverside Site,Metro East,Grader,0
2025-08,S002,Riverside Site,Metro East,Grader,0
2025-09,S002,Riverside Site,Metro East,Grader,1
2025-10,S002,Riverside Site,Metro East,Grader,1
2025-11,S002,Riverside Site,Metro East,Grader,3
2025-12,S002,Riverside Site,Metro East,Grader,0
2026-01,S002,Riverside Site,Metro East,Grader,0
2026-02,S002,Riverside Site,Metro East,Grader,0
2026-03,S002,Riverside Site,Metro East,Grader,1
2026-04,S002,Riverside Site,Metro East,Grader,1
2026-05,S002,Riverside Site,Metro East,Grader,1
2026-06,S002,Riverside Site,Metro East,Grader,0
2026-07,S002,Riverside Site,Metro East,Grader,3
2021-08,S002,Riverside Site,Metro East,Forklift,1
2021-09,S002,Riverside Site,Metro East,Forklift,0
2021-10,S002,Riverside Site,Metro East,Forklift,0
2021-11,S002,Riverside Site,Metro East,Forklift,0
2021-12,S002,Riverside Site,Metro East,Forklift,0
2022-01,S002,Riverside Site,Metro East,Forklift,1
2022-02,S002,Riverside Site,Metro East,Forklift,0
2022-03,S002,Riverside Site,Metro East,Forklift,1
2022-04,S002,Riverside Site,Metro East,Forklift,1
2022-05,S002,Riverside Site,Metro East,Forklift,0
2022-06,S002,Riverside Site,Metro East,Forklift,1
2022-07,S002,Riverside Site,Metro East,Forklift,2
2022-08,S002,Riverside Site,Metro East,Forklift,1
2022-09,S002,Riverside Site,Metro East,Forklift,1
2022-10,S002,Riverside Site,Metro East,Forklift,1
2022-11,S002,Riverside Site,Metro East,Forklift,0
2022-12,S002,Riverside Site,Metro East,Forklift,0
2023-01,S002,Riverside Site,Metro East,Forklift,0
2023-02,S002,Riverside Site,Metro East,Forklift,0
2023-03,S002,Riverside Site,Metro East,Forklift,1
2023-04,S002,Riverside Site,Metro East,Forklift,0
2023-05,S002,Riverside Site,Metro East,Forklift,0
2023-06,S002,Riverside Site,Metro East,Forklift,3
2023-07,S002,Riverside Site,Metro East,Forklift,4
2023-08,S002,Riverside Site,Metro East,Forklift,1
2023-09,S002,Riverside Site,Metro East,Forklift,0
2023-10,S002,Riverside Site,Metro East,Forklift,1
2023-11,S002,Riverside Site,Metro East,Forklift,0
2023-12,S002,Riverside Site,Metro East,Forklift,3
2024-01,S002,Riverside Site,Metro East,Forklift,1
2024-02,S002,Riverside Site,Metro East,Forklift,1
2024-03,S002,Riverside Site,Metro East,Forklift,1
2024-04,S002,Riverside Site,Metro East,Forklift,1
2024-05,S002,Riverside Site,Metro East,Forklift,1
2024-06,S002,Riverside Site,Metro East,Forklift,0
2024-07,S002,Riverside Site,Metro East,Forklift,1
2024-08,S002,Riverside Site,Metro East,Forklift,0
2024-09,S002,Riverside Site,Metro East,Forklift,3
2024-10,S002,Riverside Site,Metro East,Forklift,0
2024-11,S002,Riverside Site,Metro East,Forklift,1
2024-12,S002,Riverside Site,Metro East,Forklift,0
2025-01,S002,Riverside Site,Metro East,Forklift,1
2025-02,S002,Riverside Site,Metro East,Forklift,1
2025-03,S002,Riverside Site,Metro East,Forklift,0
2025-04,S002,Riverside Site,Metro East,Forklift,0
2025-05,S002,Riverside Site,Metro East,Forklift,1
2025-06,S002,Riverside Site,Metro East,Forklift,2
2025-07,S002,Riverside Site,Metro East,Forklift,0
2025-08,S002,Riverside Site,Metro East,Forklift,2
2025-09,S002,Riverside Site,Metro East,Forklift,4
2025-10,S002,Riverside Site,Metro East,Forklift,1
2025-11,S002,Riverside Site,Metro East,Forklift,1
2025-12,S002,Riverside Site,Metro East,Forklift,3
2026-01,S002,Riverside Site,Metro East,Forklift,2
2026-02,S002,Riverside Site,Metro East,Forklift,2
2026-03,S002,Riverside Site,Metro East,Forklift,1
2026-04,S002,Riverside Site,Metro East,Forklift,0
2026-05,S002,Riverside Site,Metro East,Forklift,1
2026-06,S002,Riverside Site,Metro East,Forklift,2
2026-07,S002,Riverside Site,Metro East,Forklift,4
2021-08,S002,Riverside Site,Metro East,Loader,1
2021-09,S002,Riverside Site,Metro East,Loader,2
2021-10,S002,Riverside Site,Metro East,Loader,0
2021-11,S002,Riverside Site,Metro East,Loader,1
2021-12,S002,Riverside Site,Metro East,Loader,0
2022-01,S002,Riverside Site,Metro East,Loader,0
2022-02,S002,Riverside Site,Metro East,Loader,1
2022-03,S002,Riverside Site,Metro East,Loader,0
2022-04,S002,Riverside Site,Metro East,Loader,0
2022-05,S002,Riverside Site,Metro East,Loader,0
2022-06,S002,Riverside Site,Metro East,Loader,0
2022-07,S002,Riverside Site,Metro East,Loader,0
2022-08,S002,Riverside Site,Metro East,Loader,3
2022-09,S002,Riverside Site,Metro East,Loader,0
2022-10,S002,Riverside Site,Metro East,Loader,0
2022-11,S002,Riverside Site,Metro East,Loader,3
2022-12,S002,Riverside Site,Metro East,Loader,0
2023-01,S002,Riverside Site,Metro East,Loader,0
2023-02,S002,Riverside Site,Metro East,Loader,1
2023-03,S002,Riverside Site,Metro East,Loader,0
2023-04,S002,Riverside Site,Metro East,Loader,0
2023-05,S002,Riverside Site,Metro East,Loader,0
2023-06,S002,Riverside Site,Metro East,Loader,0
2023-07,S002,Riverside Site,Metro East,Loader,1
2023-08,S002,Riverside Site,Metro East,Loader,2
2023-09,S002,Riverside Site,Metro East,Loader,3
2023-10,S002,Riverside Site,Metro East,Loader,0
2023-11,S002,Riverside Site,Metro East,Loader,2
2023-12,S002,Riverside Site,Metro East,Loader,2
2024-01,S002,Riverside Site,Metro East,Loader,0
2024-02,S002,Riverside Site,Metro East,Loader,0
2024-03,S002,Riverside Site,Metro East,Loader,2
2024-04,S002,Riverside Site,Metro East,Loader,1
2024-05,S002,Riverside Site,Metro East,Loader,0
2024-06,S002,Riverside Site,Metro East,Loader,3
2024-07,S002,Riverside Site,Metro East,Loader,0
2024-08,S002,Riverside Site,Metro East,Loader,1
2024-09,S002,Riverside Site,Metro East,Loader,0
2024-10,S002,Riverside Site,Metro East,Loader,0
2024-11,S002,Riverside Site,Metro East,Loader,1
2024-12,S002,Riverside Site,Metro East,Loader,1
2025-01,S002,Riverside Site,Metro East,Loader,0
2025-02,S002,Riverside Site,Metro East,Loader,2
2025-03,S002,Riverside Site,Metro East,Loader,0
2025-04,S002,Riverside Site,Metro East,Loader,1
2025-05,S002,Riverside Site,Metro East,Loader,2
2025-06,S002,Riverside Site,Metro East,Loader,0
2025-07,S002,Riverside Site,Metro East,Loader,3
2025-08,S002,Riverside Site,Metro East,Loader,0
2025-09,S002,Riverside Site,Metro East,Loader,0
2025-10,S002,Riverside Site,Metro East,Loader,3
2025-11,S002,Riverside Site,Metro East,Loader,1
2025-12,S002,Riverside Site,Metro East,Loader,1
2026-01,S002,Riverside Site,Metro East,Loader,0
2026-02,S002,Riverside Site,Metro East,Loader,1
2026-03,S002,Riverside Site,Metro East,Loader,1
2026-04,S002,Riverside Site,Metro East,Loader,1
2026-05,S002,Riverside Site,Metro East,Loader,1
2026-06,S002,Riverside Site,Metro East,Loader,2
2026-07,S002,Riverside Site,Metro East,Loader,1
2021-08,S002,Riverside Site,Metro East,Roller,1
2021-09,S002,Riverside Site,Metro East,Roller,1
2021-10,S002,Riverside Site,Metro East,Roller,1
2021-11,S002,Riverside Site,Metro East,Roller,2
2021-12,S002,Riverside Site,Metro East,Roller,1
2022-01,S002,Riverside Site,Metro East,Roller,1
2022-02,S002,Riverside Site,Metro East,Roller,0
2022-03,S002,Riverside Site,Metro East,Roller,1
2022-04,S002,Riverside Site,Metro East,Roller,0
2022-05,S002,Riverside Site,Metro East,Roller,0
2022-06,S002,Riverside Site,Metro East,Roller,0
2022-07,S002,Riverside Site,Metro East,Roller,0
2022-08,S002,Riverside Site,Metro East,Roller,0
2022-09,S002,Riverside Site,Metro East,Roller,1
2022-10,S002,Riverside Site,Metro East,Roller,1
2022-11,S002,Riverside Site,Metro East,Roller,1
2022-12,S002,Riverside Site,Metro East,Roller,2
2023-01,S002,Riverside Site,Metro East,Roller,0
2023-02,S002,Riverside Site,Metro East,Roller,0
2023-03,S002,Riverside Site,Metro East,Roller,0
2023-04,S002,Riverside Site,Metro East,Roller,1
2023-05,S002,Riverside Site,Metro East,Roller,2
2023-06,S002,Riverside Site,Metro East,Roller,0
2023-07,S002,Riverside Site,Metro East,Roller,0
2023-08,S002,Riverside Site,Metro East,Roller,0
2023-09,S002,Riverside Site,Metro East,Roller,0
2023-10,S002,Riverside Site,Metro East,Roller,1
2023-11,S002,Riverside Site,Metro East,Roller,1
2023-12,S002,Riverside Site,Metro East,Roller,1
2024-01,S002,Riverside Site,Metro East,Roller,2
2024-02,S002,Riverside Site,Metro East,Roller,0
2024-03,S002,Riverside Site,Metro East,Roller,0
2024-04,S002,Riverside Site,Metro East,Roller,0
2024-05,S002,Riverside Site,Metro East,Roller,0
2024-06,S002,Riverside Site,Metro East,Roller,0
2024-07,S002,Riverside Site,Metro East,Roller,0
2024-08,S002,Riverside Site,Metro East,Roller,0
2024-09,S002,Riverside Site,Metro East,Roller,0
2024-10,S002,Riverside Site,Metro East,Roller,0
2024-11,S002,Riverside Site,Metro East,Roller,0
2024-12,S002,Riverside Site,Metro East,Roller,1
2025-01,S002,Riverside Site,Metro East,Roller,0
2025-02,S002,Riverside Site,Metro East,Roller,0
2025-03,S002,Riverside Site,Metro East,Roller,0
2025-04,S002,Riverside Site,Metro East,Roller,0
2025-05,S002,Riverside Site,Metro East,Roller,1
2025-06,S002,Riverside Site,Metro East,Roller,0
2025-07,S002,Riverside Site,Metro East,Roller,0
2025-08,S002,Riverside Site,Metro East,Roller,1
2025-09,S002,Riverside Site,Metro East,Roller,2
2025-10,S002,Riverside Site,Metro East,Roller,1
2025-11,S002,Riverside Site,Metro East,Roller,1
2025-12,S002,Riverside Site,Metro East,Roller,0
2026-01,S002,Riverside Site,Metro East,Roller,0
2026-02,S002,Riverside Site,Metro East,Roller,0
2026-03,S002,Riverside Site,Metro East,Roller,2
2026-04,S002,Riverside Site,Metro East,Roller,1
2026-05,S002,Riverside Site,Metro East,Roller,2
2026-06,S002,Riverside Site,Metro East,Roller,0
2026-07,S002,Riverside Site,Metro East,Roller,0
2021-08,S003,Hillside Quarry,Highlands,Excavator,4
2021-09,S003,Hillside Quarry,Highlands,Excavator,1
2021-10,S003,Hillside Quarry,Highlands,Excavator,6
2021-11,S003,Hillside Quarry,Highlands,Excavator,1
2021-12,S003,Hillside Quarry,Highlands,Excavator,0
2022-01,S003,Hillside Quarry,Highlands,Excavator,3
2022-02,S003,Hillside Quarry,Highlands,Excavator,0
2022-03,S003,Hillside Quarry,Highlands,Excavator,1
2022-04,S003,Hillside Quarry,Highlands,Excavator,4
2022-05,S003,Hillside Quarry,Highlands,Excavator,7
2022-06,S003,Hillside Quarry,Highlands,Excavator,2
2022-07,S003,Hillside Quarry,Highlands,Excavator,3
2022-08,S003,Hillside Quarry,Highlands,Excavator,1
2022-09,S003,Hillside Quarry,Highlands,Excavator,2
2022-10,S003,Hillside Quarry,Highlands,Excavator,3
2022-11,S003,Hillside Quarry,Highlands,Excavator,3
2022-12,S003,Hillside Quarry,Highlands,Excavator,1
2023-01,S003,Hillside Quarry,Highlands,Excavator,2
2023-02,S003,Hillside Quarry,Highlands,Excavator,5
2023-03,S003,Hillside Quarry,Highlands,Excavator,0
2023-04,S003,Hillside Quarry,Highlands,Excavator,3
2023-05,S003,Hillside Quarry,Highlands,Excavator,3
2023-06,S003,Hillside Quarry,Highlands,Excavator,3
2023-07,S003,Hillside Quarry,Highlands,Excavator,4
2023-08,S003,Hillside Quarry,Highlands,Excavator,3
2023-09,S003,Hillside Quarry,Highlands,Excavator,2
2023-10,S003,Hillside Quarry,Highlands,Excavator,1
2023-11,S003,Hillside Quarry,Highlands,Excavator,2
2023-12,S003,Hillside Quarry,Highlands,Excavator,1
2024-01,S003,Hillside Quarry,Highlands,Excavator,1
2024-02,S003,Hillside Quarry,Highlands,Excavator,0
2024-03,S003,Hillside Quarry,Highlands,Excavator,2
2024-04,S003,Hillside Quarry,Highlands,Excavator,1
2024-05,S003,Hillside Quarry,Highlands,Excavator,2
2024-06,S003,Hillside Quarry,Highlands,Excavator,7
2024-07,S003,Hillside Quarry,Highlands,Excavator,0
2024-08,S003,Hillside Quarry,Highlands,Excavator,4
2024-09,S003,Hillside Quarry,Highlands,Excavator,1
2024-10,S003,Hillside Quarry,Highlands,Excavator,3
2024-11,S003,Hillside Quarry,Highlands,Excavator,1
2024-12,S003,Hillside Quarry,Highlands,Excavator,1
2025-01,S003,Hillside Quarry,Highlands,Excavator,3
2025-02,S003,Hillside Quarry,Highlands,Excavator,0
2025-03,S003,Hillside Quarry,Highlands,Excavator,4
2025-04,S003,Hillside Quarry,Highlands,Excavator,3
2025-05,S003,Hillside Quarry,Highlands,Excavator,1
2025-06,S003,Hillside Quarry,Highlands,Excavator,2
2025-07,S003,Hillside Quarry,Highlands,Excavator,2
2025-08,S003,Hillside Quarry,Highlands,Excavator,3
2025-09,S003,Hillside Quarry,Highlands,Excavator,2
2025-10,S003,Hillside Quarry,Highlands,Excavator,3
2025-11,S003,Hillside Quarry,Highlands,Excavator,2
2025-12,S003,Hillside Quarry,Highlands,Excavator,4
2026-01,S003,Hillside Quarry,Highlands,Excavator,0
2026-02,S003,Hillside Quarry,Highlands,Excavator,1
2026-03,S003,Hillside Quarry,Highlands,Excavator,2
2026-04,S003,Hillside Quarry,Highlands,Excavator,2
2026-05,S003,Hillside Quarry,Highlands,Excavator,4
2026-06,S003,Hillside Quarry,Highlands,Excavator,4
2026-07,S003,Hillside Quarry,Highlands,Excavator,1
2021-08,S003,Hillside Quarry,Highlands,Bulldozer,1
2021-09,S003,Hillside Quarry,Highlands,Bulldozer,1
2021-10,S003,Hillside Quarry,Highlands,Bulldozer,0
2021-11,S003,Hillside Quarry,Highlands,Bulldozer,0
2021-12,S003,Hillside Quarry,Highlands,Bulldozer,1
2022-01,S003,Hillside Quarry,Highlands,Bulldozer,0
2022-02,S003,Hillside Quarry,Highlands,Bulldozer,0
2022-03,S003,Hillside Quarry,Highlands,Bulldozer,0
2022-04,S003,Hillside Quarry,Highlands,Bulldozer,3
2022-05,S003,Hillside Quarry,Highlands,Bulldozer,1
2022-06,S003,Hillside Quarry,Highlands,Bulldozer,2
2022-07,S003,Hillside Quarry,Highlands,Bulldozer,3
2022-08,S003,Hillside Quarry,Highlands,Bulldozer,3
2022-09,S003,Hillside Quarry,Highlands,Bulldozer,2
2022-10,S003,Hillside Quarry,Highlands,Bulldozer,0
2022-11,S003,Hillside Quarry,Highlands,Bulldozer,1
2022-12,S003,Hillside Quarry,Highlands,Bulldozer,1
2023-01,S003,Hillside Quarry,Highlands,Bulldozer,2
2023-02,S003,Hillside Quarry,Highlands,Bulldozer,1
2023-03,S003,Hillside Quarry,Highlands,Bulldozer,3
2023-04,S003,Hillside Quarry,Highlands,Bulldozer,0
2023-05,S003,Hillside Quarry,Highlands,Bulldozer,1
2023-06,S003,Hillside Quarry,Highlands,Bulldozer,0
2023-07,S003,Hillside Quarry,Highlands,Bulldozer,1
2023-08,S003,Hillside Quarry,Highlands,Bulldozer,2
2023-09,S003,Hillside Quarry,Highlands,Bulldozer,2
2023-10,S003,Hillside Quarry,Highlands,Bulldozer,0
2023-11,S003,Hillside Quarry,Highlands,Bulldozer,2
2023-12,S003,Hillside Quarry,Highlands,Bulldozer,0
2024-01,S003,Hillside Quarry,Highlands,Bulldozer,1
2024-02,S003,Hillside Quarry,Highlands,Bulldozer,1
2024-03,S003,Hillside Quarry,Highlands,Bulldozer,2
2024-04,S003,Hillside Quarry,Highlands,Bulldozer,3
2024-05,S003,Hillside Quarry,Highlands,Bulldozer,2
2024-06,S003,Hillside Quarry,Highlands,Bulldozer,1
2024-07,S003,Hillside Quarry,Highlands,Bulldozer,0
2024-08,S003,Hillside Quarry,Highlands,Bulldozer,0
2024-09,S003,Hillside Quarry,Highlands,Bulldozer,2
2024-10,S003,Hillside Quarry,Highlands,Bulldozer,3
2024-11,S003,Hillside Quarry,Highlands,Bulldozer,0
2024-12,S003,Hillside Quarry,Highlands,Bulldozer,1
2025-01,S003,Hillside Quarry,Highlands,Bulldozer,0
2025-02,S003,Hillside Quarry,Highlands,Bulldozer,1
2025-03,S003,Hillside Quarry,Highlands,Bulldozer,2
2025-04,S003,Hillside Quarry,Highlands,Bulldozer,1
2025-05,S003,Hillside Quarry,Highlands,Bulldozer,1
2025-06,S003,Hillside Quarry,Highlands,Bulldozer,1
2025-07,S003,Hillside Quarry,Highlands,Bulldozer,0
2025-08,S003,Hillside Quarry,Highlands,Bulldozer,0
2025-09,S003,Hillside Quarry,Highlands,Bulldozer,0
2025-10,S003,Hillside Quarry,Highlands,Bulldozer,1
2025-11,S003,Hillside Quarry,Highlands,Bulldozer,0
2025-12,S003,Hillside Quarry,Highlands,Bulldozer,2
2026-01,S003,Hillside Quarry,Highlands,Bulldozer,0
2026-02,S003,Hillside Quarry,Highlands,Bulldozer,3
2026-03,S003,Hillside Quarry,Highlands,Bulldozer,3
2026-04,S003,Hillside Quarry,Highlands,Bulldozer,0
2026-05,S003,Hillside Quarry,Highlands,Bulldozer,0
2026-06,S003,Hillside Quarry,Highlands,Bulldozer,3
2026-07,S003,Hillside Quarry,Highlands,Bulldozer,1
2021-08,S003,Hillside Quarry,Highlands,Crane,1
2021-09,S003,Hillside Quarry,Highlands,Crane,1
2021-10,S003,Hillside Quarry,Highlands,Crane,5
2021-11,S003,Hillside Quarry,Highlands,Crane,1
2021-12,S003,Hillside Quarry,Highlands,Crane,0
2022-01,S003,Hillside Quarry,Highlands,Crane,2
2022-02,S003,Hillside Quarry,Highlands,Crane,0
2022-03,S003,Hillside Quarry,Highlands,Crane,5
2022-04,S003,Hillside Quarry,Highlands,Crane,0
2022-05,S003,Hillside Quarry,Highlands,Crane,0
2022-06,S003,Hillside Quarry,Highlands,Crane,1
2022-07,S003,Hillside Quarry,Highlands,Crane,1
2022-08,S003,Hillside Quarry,Highlands,Crane,0
2022-09,S003,Hillside Quarry,Highlands,Crane,0
2022-10,S003,Hillside Quarry,Highlands,Crane,0
2022-11,S003,Hillside Quarry,Highlands,Crane,2
2022-12,S003,Hillside Quarry,Highlands,Crane,0
2023-01,S003,Hillside Quarry,Highlands,Crane,0
2023-02,S003,Hillside Quarry,Highlands,Crane,0
2023-03,S003,Hillside Quarry,Highlands,Crane,0
2023-04,S003,Hillside Quarry,Highlands,Crane,0
2023-05,S003,Hillside Quarry,Highlands,Crane,0
2023-06,S003,Hillside Quarry,Highlands,Crane,2
2023-07,S003,Hillside Quarry,Highlands,Crane,0
2023-08,S003,Hillside Quarry,Highlands,Crane,2
2023-09,S003,Hillside Quarry,Highlands,Crane,1
2023-10,S003,Hillside Quarry,Highlands,Crane,0
2023-11,S003,Hillside Quarry,Highlands,Crane,0
2023-12,S003,Hillside Quarry,Highlands,Crane,2
2024-01,S003,Hillside Quarry,Highlands,Crane,0
2024-02,S003,Hillside Quarry,Highlands,Crane,1
2024-03,S003,Hillside Quarry,Highlands,Crane,0
2024-04,S003,Hillside Quarry,Highlands,Crane,0
2024-05,S003,Hillside Quarry,Highlands,Crane,1
2024-06,S003,Hillside Quarry,Highlands,Crane,1
2024-07,S003,Hillside Quarry,Highlands,Crane,0
2024-08,S003,Hillside Quarry,Highlands,Crane,0
2024-09,S003,Hillside Quarry,Highlands,Crane,0
2024-10,S003,Hillside Quarry,Highlands,Crane,1
2024-11,S003,Hillside Quarry,Highlands,Crane,2
2024-12,S003,Hillside Quarry,Highlands,Crane,0
2025-01,S003,Hillside Quarry,Highlands,Crane,0
2025-02,S003,Hillside Quarry,Highlands,Crane,0
2025-03,S003,Hillside Quarry,Highlands,Crane,0
2025-04,S003,Hillside Quarry,Highlands,Crane,0
2025-05,S003,Hillside Quarry,Highlands,Crane,1
2025-06,S003,Hillside Quarry,Highlands,Crane,0
2025-07,S003,Hillside Quarry,Highlands,Crane,0
2025-08,S003,Hillside Quarry,Highlands,Crane,0
2025-09,S003,Hillside Quarry,Highlands,Crane,1
2025-10,S003,Hillside Quarry,Highlands,Crane,4
2025-11,S003,Hillside Quarry,Highlands,Crane,0
2025-12,S003,Hillside Quarry,Highlands,Crane,0
2026-01,S003,Hillside Quarry,Highlands,Crane,0
2026-02,S003,Hillside Quarry,Highlands,Crane,2
2026-03,S003,Hillside Quarry,Highlands,Crane,1
2026-04,S003,Hillside Quarry,Highlands,Crane,0
2026-05,S003,Hillside Quarry,Highlands,Crane,0
2026-06,S003,Hillside Quarry,Highlands,Crane,1
2026-07,S003,Hillside Quarry,Highlands,Crane,1
2021-08,S003,Hillside Quarry,Highlands,Grader,0
2021-09,S003,Hillside Quarry,Highlands,Grader,1
2021-10,S003,Hillside Quarry,Highlands,Grader,0
2021-11,S003,Hillside Quarry,Highlands,Grader,2
2021-12,S003,Hillside Quarry,Highlands,Grader,0
2022-01,S003,Hillside Quarry,Highlands,Grader,2
2022-02,S003,Hillside Quarry,Highlands,Grader,0
2022-03,S003,Hillside Quarry,Highlands,Grader,0
2022-04,S003,Hillside Quarry,Highlands,Grader,1
2022-05,S003,Hillside Quarry,Highlands,Grader,1
2022-06,S003,Hillside Quarry,Highlands,Grader,1
2022-07,S003,Hillside Quarry,Highlands,Grader,0
2022-08,S003,Hillside Quarry,Highlands,Grader,0
2022-09,S003,Hillside Quarry,Highlands,Grader,1
2022-10,S003,Hillside Quarry,Highlands,Grader,2
2022-11,S003,Hillside Quarry,Highlands,Grader,1
2022-12,S003,Hillside Quarry,Highlands,Grader,0
2023-01,S003,Hillside Quarry,Highlands,Grader,1
2023-02,S003,Hillside Quarry,Highlands,Grader,0
2023-03,S003,Hillside Quarry,Highlands,Grader,0
2023-04,S003,Hillside Quarry,Highlands,Grader,0
2023-05,S003,Hillside Quarry,Highlands,Grader,0
2023-06,S003,Hillside Quarry,Highlands,Grader,1
2023-07,S003,Hillside Quarry,Highlands,Grader,3
2023-08,S003,Hillside Quarry,Highlands,Grader,0
2023-09,S003,Hillside Quarry,Highlands,Grader,0
2023-10,S003,Hillside Quarry,Highlands,Grader,2
2023-11,S003,Hillside Quarry,Highlands,Grader,0
2023-12,S003,Hillside Quarry,Highlands,Grader,0
2024-01,S003,Hillside Quarry,Highlands,Grader,3
2024-02,S003,Hillside Quarry,Highlands,Grader,1
2024-03,S003,Hillside Quarry,Highlands,Grader,0
2024-04,S003,Hillside Quarry,Highlands,Grader,0
2024-05,S003,Hillside Quarry,Highlands,Grader,1
2024-06,S003,Hillside Quarry,Highlands,Grader,0
2024-07,S003,Hillside Quarry,Highlands,Grader,1
2024-08,S003,Hillside Quarry,Highlands,Grader,0
2024-09,S003,Hillside Quarry,Highlands,Grader,0
2024-10,S003,Hillside Quarry,Highlands,Grader,1
2024-11,S003,Hillside Quarry,Highlands,Grader,0
2024-12,S003,Hillside Quarry,Highlands,Grader,0
2025-01,S003,Hillside Quarry,Highlands,Grader,0
2025-02,S003,Hillside Quarry,Highlands,Grader,0
2025-03,S003,Hillside Quarry,Highlands,Grader,1
2025-04,S003,Hillside Quarry,Highlands,Grader,0
2025-05,S003,Hillside Quarry,Highlands,Grader,0
2025-06,S003,Hillside Quarry,Highlands,Grader,0
2025-07,S003,Hillside Quarry,Highlands,Grader,0
2025-08,S003,Hillside Quarry,Highlands,Grader,1
2025-09,S003,Hillside Quarry,Highlands,Grader,0
2025-10,S003,Hillside Quarry,Highlands,Grader,1
2025-11,S003,Hillside Quarry,Highlands,Grader,0
2025-12,S003,Hillside Quarry,Highlands,Grader,1
2026-01,S003,Hillside Quarry,Highlands,Grader,1
2026-02,S003,Hillside Quarry,Highlands,Grader,0
2026-03,S003,Hillside Quarry,Highlands,Grader,0
2026-04,S003,Hillside Quarry,Highlands,Grader,1
2026-05,S003,Hillside Quarry,Highlands,Grader,0
2026-06,S003,Hillside Quarry,Highlands,Grader,2
2026-07,S003,Hillside Quarry,Highlands,Grader,2
2021-08,S003,Hillside Quarry,Highlands,Forklift,2
2021-09,S003,Hillside Quarry,Highlands,Forklift,1
2021-10,S003,Hillside Quarry,Highlands,Forklift,1
2021-11,S003,Hillside Quarry,Highlands,Forklift,2
2021-12,S003,Hillside Quarry,Highlands,Forklift,1
2022-01,S003,Hillside Quarry,Highlands,Forklift,0
2022-02,S003,Hillside Quarry,Highlands,Forklift,0
2022-03,S003,Hillside Quarry,Highlands,Forklift,0
2022-04,S003,Hillside Quarry,Highlands,Forklift,1
2022-05,S003,Hillside Quarry,Highlands,Forklift,1
2022-06,S003,Hillside Quarry,Highlands,Forklift,0
2022-07,S003,Hillside Quarry,Highlands,Forklift,1
2022-08,S003,Hillside Quarry,Highlands,Forklift,2
2022-09,S003,Hillside Quarry,Highlands,Forklift,1
2022-10,S003,Hillside Quarry,Highlands,Forklift,1
2022-11,S003,Hillside Quarry,Highlands,Forklift,0
2022-12,S003,Hillside Quarry,Highlands,Forklift,0
2023-01,S003,Hillside Quarry,Highlands,Forklift,0
2023-02,S003,Hillside Quarry,Highlands,Forklift,1
2023-03,S003,Hillside Quarry,Highlands,Forklift,1
2023-04,S003,Hillside Quarry,Highlands,Forklift,0
2023-05,S003,Hillside Quarry,Highlands,Forklift,0
2023-06,S003,Hillside Quarry,Highlands,Forklift,2
2023-07,S003,Hillside Quarry,Highlands,Forklift,0
2023-08,S003,Hillside Quarry,Highlands,Forklift,0
2023-09,S003,Hillside Quarry,Highlands,Forklift,0
2023-10,S003,Hillside Quarry,Highlands,Forklift,2
2023-11,S003,Hillside Quarry,Highlands,Forklift,0
2023-12,S003,Hillside Quarry,Highlands,Forklift,0
2024-01,S003,Hillside Quarry,Highlands,Forklift,1
2024-02,S003,Hillside Quarry,Highlands,Forklift,0
2024-03,S003,Hillside Quarry,Highlands,Forklift,2
2024-04,S003,Hillside Quarry,Highlands,Forklift,2
2024-05,S003,Hillside Quarry,Highlands,Forklift,2
2024-06,S003,Hillside Quarry,Highlands,Forklift,1
2024-07,S003,Hillside Quarry,Highlands,Forklift,2
2024-08,S003,Hillside Quarry,Highlands,Forklift,2
2024-09,S003,Hillside Quarry,Highlands,Forklift,1
2024-10,S003,Hillside Quarry,Highlands,Forklift,2
2024-11,S003,Hillside Quarry,Highlands,Forklift,2
2024-12,S003,Hillside Quarry,Highlands,Forklift,6
2025-01,S003,Hillside Quarry,Highlands,Forklift,1
2025-02,S003,Hillside Quarry,Highlands,Forklift,0
2025-03,S003,Hillside Quarry,Highlands,Forklift,1
2025-04,S003,Hillside Quarry,Highlands,Forklift,0
2025-05,S003,Hillside Quarry,Highlands,Forklift,1
2025-06,S003,Hillside Quarry,Highlands,Forklift,1
2025-07,S003,Hillside Quarry,Highlands,Forklift,1
2025-08,S003,Hillside Quarry,Highlands,Forklift,0
2025-09,S003,Hillside Quarry,Highlands,Forklift,2
2025-10,S003,Hillside Quarry,Highlands,Forklift,0
2025-11,S003,Hillside Quarry,Highlands,Forklift,2
2025-12,S003,Hillside Quarry,Highlands,Forklift,2
2026-01,S003,Hillside Quarry,Highlands,Forklift,0
2026-02,S003,Hillside Quarry,Highlands,Forklift,2
2026-03,S003,Hillside Quarry,Highlands,Forklift,2
2026-04,S003,Hillside Quarry,Highlands,Forklift,4
2026-05,S003,Hillside Quarry,Highlands,Forklift,1
2026-06,S003,Hillside Quarry,Highlands,Forklift,1
2026-07,S003,Hillside Quarry,Highlands,Forklift,1
2021-08,S003,Hillside Quarry,Highlands,Loader,1
2021-09,S003,Hillside Quarry,Highlands,Loader,2
2021-10,S003,Hillside Quarry,Highlands,Loader,0
2021-11,S003,Hillside Quarry,Highlands,Loader,0
2021-12,S003,Hillside Quarry,Highlands,Loader,0
2022-01,S003,Hillside Quarry,Highlands,Loader,4
2022-02,S003,Hillside Quarry,Highlands,Loader,0
2022-03,S003,Hillside Quarry,Highlands,Loader,0
2022-04,S003,Hillside Quarry,Highlands,Loader,0
2022-05,S003,Hillside Quarry,Highlands,Loader,0
2022-06,S003,Hillside Quarry,Highlands,Loader,0
2022-07,S003,Hillside Quarry,Highlands,Loader,1
2022-08,S003,Hillside Quarry,Highlands,Loader,2
2022-09,S003,Hillside Quarry,Highlands,Loader,1
2022-10,S003,Hillside Quarry,Highlands,Loader,0
2022-11,S003,Hillside Quarry,Highlands,Loader,2
2022-12,S003,Hillside Quarry,Highlands,Loader,1
2023-01,S003,Hillside Quarry,Highlands,Loader,0
2023-02,S003,Hillside Quarry,Highlands,Loader,1
2023-03,S003,Hillside Quarry,Highlands,Loader,0
2023-04,S003,Hillside Quarry,Highlands,Loader,0
2023-05,S003,Hillside Quarry,Highlands,Loader,1
2023-06,S003,Hillside Quarry,Highlands,Loader,1
2023-07,S003,Hillside Quarry,Highlands,Loader,1
2023-08,S003,Hillside Quarry,Highlands,Loader,0
2023-09,S003,Hillside Quarry,Highlands,Loader,1
2023-10,S003,Hillside Quarry,Highlands,Loader,0
2023-11,S003,Hillside Quarry,Highlands,Loader,0
2023-12,S003,Hillside Quarry,Highlands,Loader,1
2024-01,S003,Hillside Quarry,Highlands,Loader,0
2024-02,S003,Hillside Quarry,Highlands,Loader,2
2024-03,S003,Hillside Quarry,Highlands,Loader,0
2024-04,S003,Hillside Quarry,Highlands,Loader,0
2024-05,S003,Hillside Quarry,Highlands,Loader,1
2024-06,S003,Hillside Quarry,Highlands,Loader,1
2024-07,S003,Hillside Quarry,Highlands,Loader,1
2024-08,S003,Hillside Quarry,Highlands,Loader,0
2024-09,S003,Hillside Quarry,Highlands,Loader,1
2024-10,S003,Hillside Quarry,Highlands,Loader,0
2024-11,S003,Hillside Quarry,Highlands,Loader,2
2024-12,S003,Hillside Quarry,Highlands,Loader,0
2025-01,S003,Hillside Quarry,Highlands,Loader,0
2025-02,S003,Hillside Quarry,Highlands,Loader,1
2025-03,S003,Hillside Quarry,Highlands,Loader,0
2025-04,S003,Hillside Quarry,Highlands,Loader,0
2025-05,S003,Hillside Quarry,Highlands,Loader,0
2025-06,S003,Hillside Quarry,Highlands,Loader,1
2025-07,S003,Hillside Quarry,Highlands,Loader,1
2025-08,S003,Hillside Quarry,Highlands,Loader,5
2025-09,S003,Hillside Quarry,Highlands,Loader,4
2025-10,S003,Hillside Quarry,Highlands,Loader,2
2025-11,S003,Hillside Quarry,Highlands,Loader,1
2025-12,S003,Hillside Quarry,Highlands,Loader,4
2026-01,S003,Hillside Quarry,Highlands,Loader,1
2026-02,S003,Hillside Quarry,Highlands,Loader,2
2026-03,S003,Hillside Quarry,Highlands,Loader,2
2026-04,S003,Hillside Quarry,Highlands,Loader,0
2026-05,S003,Hillside Quarry,Highlands,Loader,0
2026-06,S003,Hillside Quarry,Highlands,Loader,0
2026-07,S003,Hillside Quarry,Highlands,Loader,2
2021-08,S003,Hillside Quarry,Highlands,Roller,0
2021-09,S003,Hillside Quarry,Highlands,Roller,1
2021-10,S003,Hillside Quarry,Highlands,Roller,1
2021-11,S003,Hillside Quarry,Highlands,Roller,3
2021-12,S003,Hillside Quarry,Highlands,Roller,1
2022-01,S003,Hillside Quarry,Highlands,Roller,1
2022-02,S003,Hillside Quarry,Highlands,Roller,1
2022-03,S003,Hillside Quarry,Highlands,Roller,2
2022-04,S003,Hillside Quarry,Highlands,Roller,0
2022-05,S003,Hillside Quarry,Highlands,Roller,0
2022-06,S003,Hillside Quarry,Highlands,Roller,0
2022-07,S003,Hillside Quarry,Highlands,Roller,1
2022-08,S003,Hillside Quarry,Highlands,Roller,0
2022-09,S003,Hillside Quarry,Highlands,Roller,0
2022-10,S003,Hillside Quarry,Highlands,Roller,0
2022-11,S003,Hillside Quarry,Highlands,Roller,0
2022-12,S003,Hillside Quarry,Highlands,Roller,4
2023-01,S003,Hillside Quarry,Highlands,Roller,1
2023-02,S003,Hillside Quarry,Highlands,Roller,0
2023-03,S003,Hillside Quarry,Highlands,Roller,0
2023-04,S003,Hillside Quarry,Highlands,Roller,1
2023-05,S003,Hillside Quarry,Highlands,Roller,0
2023-06,S003,Hillside Quarry,Highlands,Roller,0
2023-07,S003,Hillside Quarry,Highlands,Roller,0
2023-08,S003,Hillside Quarry,Highlands,Roller,1
2023-09,S003,Hillside Quarry,Highlands,Roller,1
2023-10,S003,Hillside Quarry,Highlands,Roller,0
2023-11,S003,Hillside Quarry,Highlands,Roller,1
2023-12,S003,Hillside Quarry,Highlands,Roller,0
2024-01,S003,Hillside Quarry,Highlands,Roller,1
2024-02,S003,Hillside Quarry,Highlands,Roller,1
2024-03,S003,Hillside Quarry,Highlands,Roller,0
2024-04,S003,Hillside Quarry,Highlands,Roller,0
2024-05,S003,Hillside Quarry,Highlands,Roller,0
2024-06,S003,Hillside Quarry,Highlands,Roller,0
2024-07,S003,Hillside Quarry,Highlands,Roller,0
2024-08,S003,Hillside Quarry,Highlands,Roller,0
2024-09,S003,Hillside Quarry,Highlands,Roller,0
2024-10,S003,Hillside Quarry,Highlands,Roller,0
2024-11,S003,Hillside Quarry,Highlands,Roller,0
2024-12,S003,Hillside Quarry,Highlands,Roller,0
2025-01,S003,Hillside Quarry,Highlands,Roller,0
2025-02,S003,Hillside Quarry,Highlands,Roller,0
2025-03,S003,Hillside Quarry,Highlands,Roller,0
2025-04,S003,Hillside Quarry,Highlands,Roller,0
2025-05,S003,Hillside Quarry,Highlands,Roller,1
2025-06,S003,Hillside Quarry,Highlands,Roller,1
2025-07,S003,Hillside Quarry,Highlands,Roller,0
2025-08,S003,Hillside Quarry,Highlands,Roller,3
2025-09,S003,Hillside Quarry,Highlands,Roller,1
2025-10,S003,Hillside Quarry,Highlands,Roller,2
2025-11,S003,Hillside Quarry,Highlands,Roller,0
2025-12,S003,Hillside Quarry,Highlands,Roller,0
2026-01,S003,Hillside Quarry,Highlands,Roller,1
2026-02,S003,Hillside Quarry,Highlands,Roller,2
2026-03,S003,Hillside Quarry,Highlands,Roller,0
2026-04,S003,Hillside Quarry,Highlands,Roller,1
2026-05,S003,Hillside Quarry,Highlands,Roller,0
2026-06,S003,Hillside Quarry,Highlands,Roller,0
2026-07,S003,Hillside Quarry,Highlands,Roller,0
2021-08,S004,East Depot,Metro East,Excavator,0
2021-09,S004,East Depot,Metro East,Excavator,2
2021-10,S004,East Depot,Metro East,Excavator,1
2021-11,S004,East Depot,Metro East,Excavator,0
2021-12,S004,East Depot,Metro East,Excavator,0
2022-01,S004,East Depot,Metro East,Excavator,1
2022-02,S004,East Depot,Metro East,Excavator,0
2022-03,S004,East Depot,Metro East,Excavator,0
2022-04,S004,East Depot,Metro East,Excavator,0
2022-05,S004,East Depot,Metro East,Excavator,0
2022-06,S004,East Depot,Metro East,Excavator,1
2022-07,S004,East Depot,Metro East,Excavator,3
2022-08,S004,East Depot,Metro East,Excavator,2
2022-09,S004,East Depot,Metro East,Excavator,1
2022-10,S004,East Depot,Metro East,Excavator,0
2022-11,S004,East Depot,Metro East,Excavator,0
2022-12,S004,East Depot,Metro East,Excavator,1
2023-01,S004,East Depot,Metro East,Excavator,0
2023-02,S004,East Depot,Metro East,Excavator,0
2023-03,S004,East Depot,Metro East,Excavator,0
2023-04,S004,East Depot,Metro East,Excavator,0
2023-05,S004,East Depot,Metro East,Excavator,1
2023-06,S004,East Depot,Metro East,Excavator,1
2023-07,S004,East Depot,Metro East,Excavator,0
2023-08,S004,East Depot,Metro East,Excavator,4
2023-09,S004,East Depot,Metro East,Excavator,1
2023-10,S004,East Depot,Metro East,Excavator,0
2023-11,S004,East Depot,Metro East,Excavator,1
2023-12,S004,East Depot,Metro East,Excavator,2
2024-01,S004,East Depot,Metro East,Excavator,0
2024-02,S004,East Depot,Metro East,Excavator,0
2024-03,S004,East Depot,Metro East,Excavator,1
2024-04,S004,East Depot,Metro East,Excavator,1
2024-05,S004,East Depot,Metro East,Excavator,1
2024-06,S004,East Depot,Metro East,Excavator,0
2024-07,S004,East Depot,Metro East,Excavator,0
2024-08,S004,East Depot,Metro East,Excavator,1
2024-09,S004,East Depot,Metro East,Excavator,3
2024-10,S004,East Depot,Metro East,Excavator,1
2024-11,S004,East Depot,Metro East,Excavator,1
2024-12,S004,East Depot,Metro East,Excavator,0
2025-01,S004,East Depot,Metro East,Excavator,1
2025-02,S004,East Depot,Metro East,Excavator,1
2025-03,S004,East Depot,Metro East,Excavator,1
2025-04,S004,East Depot,Metro East,Excavator,0
2025-05,S004,East Depot,Metro East,Excavator,3
2025-06,S004,East Depot,Metro East,Excavator,2
2025-07,S004,East Depot,Metro East,Excavator,3
2025-08,S004,East Depot,Metro East,Excavator,1
2025-09,S004,East Depot,Metro East,Excavator,1
2025-10,S004,East Depot,Metro East,Excavator,0
2025-11,S004,East Depot,Metro East,Excavator,1
2025-12,S004,East Depot,Metro East,Excavator,0
2026-01,S004,East Depot,Metro East,Excavator,1
2026-02,S004,East Depot,Metro East,Excavator,1
2026-03,S004,East Depot,Metro East,Excavator,1
2026-04,S004,East Depot,Metro East,Excavator,3
2026-05,S004,East Depot,Metro East,Excavator,0
2026-06,S004,East Depot,Metro East,Excavator,1
2026-07,S004,East Depot,Metro East,Excavator,1
2021-08,S004,East Depot,Metro East,Bulldozer,1
2021-09,S004,East Depot,Metro East,Bulldozer,0
2021-10,S004,East Depot,Metro East,Bulldozer,2
2021-11,S004,East Depot,Metro East,Bulldozer,2
2021-12,S004,East Depot,Metro East,Bulldozer,0
2022-01,S004,East Depot,Metro East,Bulldozer,1
2022-02,S004,East Depot,Metro East,Bulldozer,3
2022-03,S004,East Depot,Metro East,Bulldozer,0
2022-04,S004,East Depot,Metro East,Bulldozer,0
2022-05,S004,East Depot,Metro East,Bulldozer,2
2022-06,S004,East Depot,Metro East,Bulldozer,0
2022-07,S004,East Depot,Metro East,Bulldozer,0
2022-08,S004,East Depot,Metro East,Bulldozer,3
2022-09,S004,East Depot,Metro East,Bulldozer,0
2022-10,S004,East Depot,Metro East,Bulldozer,1
2022-11,S004,East Depot,Metro East,Bulldozer,1
2022-12,S004,East Depot,Metro East,Bulldozer,0
2023-01,S004,East Depot,Metro East,Bulldozer,0
2023-02,S004,East Depot,Metro East,Bulldozer,1
2023-03,S004,East Depot,Metro East,Bulldozer,0
2023-04,S004,East Depot,Metro East,Bulldozer,0
2023-05,S004,East Depot,Metro East,Bulldozer,0
2023-06,S004,East Depot,Metro East,Bulldozer,0
2023-07,S004,East Depot,Metro East,Bulldozer,0
2023-08,S004,East Depot,Metro East,Bulldozer,0
2023-09,S004,East Depot,Metro East,Bulldozer,2
2023-10,S004,East Depot,Metro East,Bulldozer,0
2023-11,S004,East Depot,Metro East,Bulldozer,1
2023-12,S004,East Depot,Metro East,Bulldozer,2
2024-01,S004,East Depot,Metro East,Bulldozer,1
2024-02,S004,East Depot,Metro East,Bulldozer,1
2024-03,S004,East Depot,Metro East,Bulldozer,0
2024-04,S004,East Depot,Metro East,Bulldozer,0
2024-05,S004,East Depot,Metro East,Bulldozer,0
2024-06,S004,East Depot,Metro East,Bulldozer,1
2024-07,S004,East Depot,Metro East,Bulldozer,1
2024-08,S004,East Depot,Metro East,Bulldozer,2
2024-09,S004,East Depot,Metro East,Bulldozer,2
2024-10,S004,East Depot,Metro East,Bulldozer,1
2024-11,S004,East Depot,Metro East,Bulldozer,0
2024-12,S004,East Depot,Metro East,Bulldozer,0
2025-01,S004,East Depot,Metro East,Bulldozer,0
2025-02,S004,East Depot,Metro East,Bulldozer,0
2025-03,S004,East Depot,Metro East,Bulldozer,1
2025-04,S004,East Depot,Metro East,Bulldozer,0
2025-05,S004,East Depot,Metro East,Bulldozer,0
2025-06,S004,East Depot,Metro East,Bulldozer,1
2025-07,S004,East Depot,Metro East,Bulldozer,0
2025-08,S004,East Depot,Metro East,Bulldozer,0
2025-09,S004,East Depot,Metro East,Bulldozer,1
2025-10,S004,East Depot,Metro East,Bulldozer,0
2025-11,S004,East Depot,Metro East,Bulldozer,3
2025-12,S004,East Depot,Metro East,Bulldozer,1
2026-01,S004,East Depot,Metro East,Bulldozer,0
2026-02,S004,East Depot,Metro East,Bulldozer,1
2026-03,S004,East Depot,Metro East,Bulldozer,0
2026-04,S004,East Depot,Metro East,Bulldozer,1
2026-05,S004,East Depot,Metro East,Bulldozer,0
2026-06,S004,East Depot,Metro East,Bulldozer,0
2026-07,S004,East Depot,Metro East,Bulldozer,1
2021-08,S004,East Depot,Metro East,Crane,1
2021-09,S004,East Depot,Metro East,Crane,2
2021-10,S004,East Depot,Metro East,Crane,0
2021-11,S004,East Depot,Metro East,Crane,1
2021-12,S004,East Depot,Metro East,Crane,0
2022-01,S004,East Depot,Metro East,Crane,0
2022-02,S004,East Depot,Metro East,Crane,1
2022-03,S004,East Depot,Metro East,Crane,0
2022-04,S004,East Depot,Metro East,Crane,1
2022-05,S004,East Depot,Metro East,Crane,0
2022-06,S004,East Depot,Metro East,Crane,1
2022-07,S004,East Depot,Metro East,Crane,1
2022-08,S004,East Depot,Metro East,Crane,0
2022-09,S004,East Depot,Metro East,Crane,0
2022-10,S004,East Depot,Metro East,Crane,1
2022-11,S004,East Depot,Metro East,Crane,0
2022-12,S004,East Depot,Metro East,Crane,2
2023-01,S004,East Depot,Metro East,Crane,0
2023-02,S004,East Depot,Metro East,Crane,0
2023-03,S004,East Depot,Metro East,Crane,0
2023-04,S004,East Depot,Metro East,Crane,0
2023-05,S004,East Depot,Metro East,Crane,0
2023-06,S004,East Depot,Metro East,Crane,1
2023-07,S004,East Depot,Metro East,Crane,0
2023-08,S004,East Depot,Metro East,Crane,1
2023-09,S004,East Depot,Metro East,Crane,0
2023-10,S004,East Depot,Metro East,Crane,1
2023-11,S004,East Depot,Metro East,Crane,2
2023-12,S004,East Depot,Metro East,Crane,2
2024-01,S004,East Depot,Metro East,Crane,1
2024-02,S004,East Depot,Metro East,Crane,2
2024-03,S004,East Depot,Metro East,Crane,1
2024-04,S004,East Depot,Metro East,Crane,3
2024-05,S004,East Depot,Metro East,Crane,1
2024-06,S004,East Depot,Metro East,Crane,0
2024-07,S004,East Depot,Metro East,Crane,0
2024-08,S004,East Depot,Metro East,Crane,0
2024-09,S004,East Depot,Metro East,Crane,1
2024-10,S004,East Depot,Metro East,Crane,0
2024-11,S004,East Depot,Metro East,Crane,0
2024-12,S004,East Depot,Metro East,Crane,0
2025-01,S004,East Depot,Metro East,Crane,1
2025-02,S004,East Depot,Metro East,Crane,1
2025-03,S004,East Depot,Metro East,Crane,1
2025-04,S004,East Depot,Metro East,Crane,0
2025-05,S004,East Depot,Metro East,Crane,0
2025-06,S004,East Depot,Metro East,Crane,0
2025-07,S004,East Depot,Metro East,Crane,1
2025-08,S004,East Depot,Metro East,Crane,0
2025-09,S004,East Depot,Metro East,Crane,1
2025-10,S004,East Depot,Metro East,Crane,1
2025-11,S004,East Depot,Metro East,Crane,0
2025-12,S004,East Depot,Metro East,Crane,0
2026-01,S004,East Depot,Metro East,Crane,1
2026-02,S004,East Depot,Metro East,Crane,0
2026-03,S004,East Depot,Metro East,Crane,0
2026-04,S004,East Depot,Metro East,Crane,0
2026-05,S004,East Depot,Metro East,Crane,0
2026-06,S004,East Depot,Metro East,Crane,0
2026-07,S004,East Depot,Metro East,Crane,0
2021-08,S004,East Depot,Metro East,Grader,0
2021-09,S004,East Depot,Metro East,Grader,1
2021-10,S004,East Depot,Metro East,Grader,0
2021-11,S004,East Depot,Metro East,Grader,0
2021-12,S004,East Depot,Metro East,Grader,1
2022-01,S004,East Depot,Metro East,Grader,0
2022-02,S004,East Depot,Metro East,Grader,0
2022-03,S004,East Depot,Metro East,Grader,2
2022-04,S004,East Depot,Metro East,Grader,0
2022-05,S004,East Depot,Metro East,Grader,0
2022-06,S004,East Depot,Metro East,Grader,0
2022-07,S004,East Depot,Metro East,Grader,0
2022-08,S004,East Depot,Metro East,Grader,0
2022-09,S004,East Depot,Metro East,Grader,0
2022-10,S004,East Depot,Metro East,Grader,0
2022-11,S004,East Depot,Metro East,Grader,1
2022-12,S004,East Depot,Metro East,Grader,0
2023-01,S004,East Depot,Metro East,Grader,0
2023-02,S004,East Depot,Metro East,Grader,0
2023-03,S004,East Depot,Metro East,Grader,0
2023-04,S004,East Depot,Metro East,Grader,1
2023-05,S004,East Depot,Metro East,Grader,1
2023-06,S004,East Depot,Metro East,Grader,0
2023-07,S004,East Depot,Metro East,Grader,0
2023-08,S004,East Depot,Metro East,Grader,0
2023-09,S004,East Depot,Metro East,Grader,2
2023-10,S004,East Depot,Metro East,Grader,0
2023-11,S004,East Depot,Metro East,Grader,0
2023-12,S004,East Depot,Metro East,Grader,1
2024-01,S004,East Depot,Metro East,Grader,0
2024-02,S004,East Depot,Metro East,Grader,0
2024-03,S004,East Depot,Metro East,Grader,0
2024-04,S004,East Depot,Metro East,Grader,1
2024-05,S004,East Depot,Metro East,Grader,0
2024-06,S004,East Depot,Metro East,Grader,0
2024-07,S004,East Depot,Metro East,Grader,0
2024-08,S004,East Depot,Metro East,Grader,0
2024-09,S004,East Depot,Metro East,Grader,0
2024-10,S004,East Depot,Metro East,Grader,0
2024-11,S004,East Depot,Metro East,Grader,2
2024-12,S004,East Depot,Metro East,Grader,0
2025-01,S004,East Depot,Metro East,Grader,0
2025-02,S004,East Depot,Metro East,Grader,0
2025-03,S004,East Depot,Metro East,Grader,0
2025-04,S004,East Depot,Metro East,Grader,0
2025-05,S004,East Depot,Metro East,Grader,1
2025-06,S004,East Depot,Metro East,Grader,0
2025-07,S004,East Depot,Metro East,Grader,1
2025-08,S004,East Depot,Metro East,Grader,0
2025-09,S004,East Depot,Metro East,Grader,0
2025-10,S004,East Depot,Metro East,Grader,0
2025-11,S004,East Depot,Metro East,Grader,1
2025-12,S004,East Depot,Metro East,Grader,0
2026-01,S004,East Depot,Metro East,Grader,1
2026-02,S004,East Depot,Metro East,Grader,2
2026-03,S004,East Depot,Metro East,Grader,1
2026-04,S004,East Depot,Metro East,Grader,1
2026-05,S004,East Depot,Metro East,Grader,0
2026-06,S004,East Depot,Metro East,Grader,1
2026-07,S004,East Depot,Metro East,Grader,1
2021-08,S004,East Depot,Metro East,Forklift,1
2021-09,S004,East Depot,Metro East,Forklift,2
2021-10,S004,East Depot,Metro East,Forklift,2
2021-11,S004,East Depot,Metro East,Forklift,0
2021-12,S004,East Depot,Metro East,Forklift,0
2022-01,S004,East Depot,Metro East,Forklift,1
2022-02,S004,East Depot,Metro East,Forklift,0
2022-03,S004,East Depot,Metro East,Forklift,3
2022-04,S004,East Depot,Metro East,Forklift,0
2022-05,S004,East Depot,Metro East,Forklift,0
2022-06,S004,East Depot,Metro East,Forklift,2
2022-07,S004,East Depot,Metro East,Forklift,0
2022-08,S004,East Depot,Metro East,Forklift,0
2022-09,S004,East Depot,Metro East,Forklift,0
2022-10,S004,East Depot,Metro East,Forklift,0
2022-11,S004,East Depot,Metro East,Forklift,3
2022-12,S004,East Depot,Metro East,Forklift,0
2023-01,S004,East Depot,Metro East,Forklift,0
2023-02,S004,East Depot,Metro East,Forklift,0
2023-03,S004,East Depot,Metro East,Forklift,1
2023-04,S004,East Depot,Metro East,Forklift,1
2023-05,S004,East Depot,Metro East,Forklift,0
2023-06,S004,East Depot,Metro East,Forklift,1
2023-07,S004,East Depot,Metro East,Forklift,2
2023-08,S004,East Depot,Metro East,Forklift,0
2023-09,S004,East Depot,Metro East,Forklift,1
2023-10,S004,East Depot,Metro East,Forklift,2
2023-11,S004,East Depot,Metro East,Forklift,0
2023-12,S004,East Depot,Metro East,Forklift,1
2024-01,S004,East Depot,Metro East,Forklift,1
2024-02,S004,East Depot,Metro East,Forklift,0
2024-03,S004,East Depot,Metro East,Forklift,0
2024-04,S004,East Depot,Metro East,Forklift,0
2024-05,S004,East Depot,Metro East,Forklift,0
2024-06,S004,East Depot,Metro East,Forklift,0
2024-07,S004,East Depot,Metro East,Forklift,2
2024-08,S004,East Depot,Metro East,Forklift,2
2024-09,S004,East Depot,Metro East,Forklift,0
2024-10,S004,East Depot,Metro East,Forklift,1
2024-11,S004,East Depot,Metro East,Forklift,2
2024-12,S004,East Depot,Metro East,Forklift,1
2025-01,S004,East Depot,Metro East,Forklift,2
2025-02,S004,East Depot,Metro East,Forklift,0
2025-03,S004,East Depot,Metro East,Forklift,0
2025-04,S004,East Depot,Metro East,Forklift,1
2025-05,S004,East Depot,Metro East,Forklift,2
2025-06,S004,East Depot,Metro East,Forklift,0
2025-07,S004,East Depot,Metro East,Forklift,1
2025-08,S004,East Depot,Metro East,Forklift,1
2025-09,S004,East Depot,Metro East,Forklift,0
2025-10,S004,East Depot,Metro East,Forklift,1
2025-11,S004,East Depot,Metro East,Forklift,1
2025-12,S004,East Depot,Metro East,Forklift,0
2026-01,S004,East Depot,Metro East,Forklift,2
2026-02,S004,East Depot,Metro East,Forklift,0
2026-03,S004,East Depot,Metro East,Forklift,0
2026-04,S004,East Depot,Metro East,Forklift,1
2026-05,S004,East Depot,Metro East,Forklift,0
2026-06,S004,East Depot,Metro East,Forklift,2
2026-07,S004,East Depot,Metro East,Forklift,1
2021-08,S004,East Depot,Metro East,Loader,0
2021-09,S004,East Depot,Metro East,Loader,0
2021-10,S004,East Depot,Metro East,Loader,1
2021-11,S004,East Depot,Metro East,Loader,0
2021-12,S004,East Depot,Metro East,Loader,0
2022-01,S004,East Depot,Metro East,Loader,1
2022-02,S004,East Depot,Metro East,Loader,0
2022-03,S004,East Depot,Metro East,Loader,0
2022-04,S004,East Depot,Metro East,Loader,0
2022-05,S004,East Depot,Metro East,Loader,0
2022-06,S004,East Depot,Metro East,Loader,0
2022-07,S004,East Depot,Metro East,Loader,4
2022-08,S004,East Depot,Metro East,Loader,0
2022-09,S004,East Depot,Metro East,Loader,0
2022-10,S004,East Depot,Metro East,Loader,1
2022-11,S004,East Depot,Metro East,Loader,0
2022-12,S004,East Depot,Metro East,Loader,1
2023-01,S004,East Depot,Metro East,Loader,0
2023-02,S004,East Depot,Metro East,Loader,0
2023-03,S004,East Depot,Metro East,Loader,1
2023-04,S004,East Depot,Metro East,Loader,0
2023-05,S004,East Depot,Metro East,Loader,0
2023-06,S004,East Depot,Metro East,Loader,0
2023-07,S004,East Depot,Metro East,Loader,0
2023-08,S004,East Depot,Metro East,Loader,0
2023-09,S004,East Depot,Metro East,Loader,1
2023-10,S004,East Depot,Metro East,Loader,0
2023-11,S004,East Depot,Metro East,Loader,1
2023-12,S004,East Depot,Metro East,Loader,0
2024-01,S004,East Depot,Metro East,Loader,2
2024-02,S004,East Depot,Metro East,Loader,1
2024-03,S004,East Depot,Metro East,Loader,1
2024-04,S004,East Depot,Metro East,Loader,0
2024-05,S004,East Depot,Metro East,Loader,1
2024-06,S004,East Depot,Metro East,Loader,0
2024-07,S004,East Depot,Metro East,Loader,0
2024-08,S004,East Depot,Metro East,Loader,1
2024-09,S004,East Depot,Metro East,Loader,0
2024-10,S004,East Depot,Metro East,Loader,1
2024-11,S004,East Depot,Metro East,Loader,1
2024-12,S004,East Depot,Metro East,Loader,0
2025-01,S004,East Depot,Metro East,Loader,0
2025-02,S004,East Depot,Metro East,Loader,0
2025-03,S004,East Depot,Metro East,Loader,1
2025-04,S004,East Depot,Metro East,Loader,0
2025-05,S004,East Depot,Metro East,Loader,1
2025-06,S004,East Depot,Metro East,Loader,1
2025-07,S004,East Depot,Metro East,Loader,1
2025-08,S004,East Depot,Metro East,Loader,0
2025-09,S004,East Depot,Metro East,Loader,0
2025-10,S004,East Depot,Metro East,Loader,1
2025-11,S004,East Depot,Metro East,Loader,1
2025-12,S004,East Depot,Metro East,Loader,0
2026-01,S004,East Depot,Metro East,Loader,0
2026-02,S004,East Depot,Metro East,Loader,0
2026-03,S004,East Depot,Metro East,Loader,0
2026-04,S004,East Depot,Metro East,Loader,0
2026-05,S004,East Depot,Metro East,Loader,1
2026-06,S004,East Depot,Metro East,Loader,0
2026-07,S004,East Depot,Metro East,Loader,1
2021-08,S004,East Depot,Metro East,Roller,1
2021-09,S004,East Depot,Metro East,Roller,0
2021-10,S004,East Depot,Metro East,Roller,0
2021-11,S004,East Depot,Metro East,Roller,0
2021-12,S004,East Depot,Metro East,Roller,0
2022-01,S004,East Depot,Metro East,Roller,1
2022-02,S004,East Depot,Metro East,Roller,1
2022-03,S004,East Depot,Metro East,Roller,0
2022-04,S004,East Depot,Metro East,Roller,0
2022-05,S004,East Depot,Metro East,Roller,0
2022-06,S004,East Depot,Metro East,Roller,1
2022-07,S004,East Depot,Metro East,Roller,1
2022-08,S004,East Depot,Metro East,Roller,0
2022-09,S004,East Depot,Metro East,Roller,0
2022-10,S004,East Depot,Metro East,Roller,0
2022-11,S004,East Depot,Metro East,Roller,0
2022-12,S004,East Depot,Metro East,Roller,0
2023-01,S004,East Depot,Metro East,Roller,1
2023-02,S004,East Depot,Metro East,Roller,0
2023-03,S004,East Depot,Metro East,Roller,0
2023-04,S004,East Depot,Metro East,Roller,0
2023-05,S004,East Depot,Metro East,Roller,0
2023-06,S004,East Depot,Metro East,Roller,0
2023-07,S004,East Depot,Metro East,Roller,1
2023-08,S004,East Depot,Metro East,Roller,0
2023-09,S004,East Depot,Metro East,Roller,1
2023-10,S004,East Depot,Metro East,Roller,0
2023-11,S004,East Depot,Metro East,Roller,2
2023-12,S004,East Depot,Metro East,Roller,0
2024-01,S004,East Depot,Metro East,Roller,0
2024-02,S004,East Depot,Metro East,Roller,0
2024-03,S004,East Depot,Metro East,Roller,0
2024-04,S004,East Depot,Metro East,Roller,1
2024-05,S004,East Depot,Metro East,Roller,0
2024-06,S004,East Depot,Metro East,Roller,0
2024-07,S004,East Depot,Metro East,Roller,0
2024-08,S004,East Depot,Metro East,Roller,0
2024-09,S004,East Depot,Metro East,Roller,1
2024-10,S004,East Depot,Metro East,Roller,0
2024-11,S004,East Depot,Metro East,Roller,0
2024-12,S004,East Depot,Metro East,Roller,0
2025-01,S004,East Depot,Metro East,Roller,0
2025-02,S004,East Depot,Metro East,Roller,0
2025-03,S004,East Depot,Metro East,Roller,0
2025-04,S004,East Depot,Metro East,Roller,0
2025-05,S004,East Depot,Metro East,Roller,0
2025-06,S004,East Depot,Metro East,Roller,1
2025-07,S004,East Depot,Metro East,Roller,0
2025-08,S004,East Depot,Metro East,Roller,0
2025-09,S004,East Depot,Metro East,Roller,1
2025-10,S004,East Depot,Metro East,Roller,1
2025-11,S004,East Depot,Metro East,Roller,1
2025-12,S004,East Depot,Metro East,Roller,0
2026-01,S004,East Depot,Metro East,Roller,1
2026-02,S004,East Depot,Metro East,Roller,0
2026-03,S004,East Depot,Metro East,Roller,0
2026-04,S004,East Depot,Metro East,Roller,0
2026-05,S004,East Depot,Metro East,Roller,0
2026-06,S004,East Depot,Metro East,Roller,0
2026-07,S004,East Depot,Metro East,Roller,0
2021-08,S005,Central Plant,Metro Central,Excavator,2
2021-09,S005,Central Plant,Metro Central,Excavator,1
2021-10,S005,Central Plant,Metro Central,Excavator,1
2021-11,S005,Central Plant,Metro Central,Excavator,1
2021-12,S005,Central Plant,Metro Central,Excavator,0
2022-01,S005,Central Plant,Metro Central,Excavator,1
2022-02,S005,Central Plant,Metro Central,Excavator,1
2022-03,S005,Central Plant,Metro Central,Excavator,1
2022-04,S005,Central Plant,Metro Central,Excavator,1
2022-05,S005,Central Plant,Metro Central,Excavator,2
2022-06,S005,Central Plant,Metro Central,Excavator,2
2022-07,S005,Central Plant,Metro Central,Excavator,2
2022-08,S005,Central Plant,Metro Central,Excavator,2
2022-09,S005,Central Plant,Metro Central,Excavator,1
2022-10,S005,Central Plant,Metro Central,Excavator,0
2022-11,S005,Central Plant,Metro Central,Excavator,2
2022-12,S005,Central Plant,Metro Central,Excavator,2
2023-01,S005,Central Plant,Metro Central,Excavator,1
2023-02,S005,Central Plant,Metro Central,Excavator,1
2023-03,S005,Central Plant,Metro Central,Excavator,1
2023-04,S005,Central Plant,Metro Central,Excavator,1
2023-05,S005,Central Plant,Metro Central,Excavator,0
2023-06,S005,Central Plant,Metro Central,Excavator,2
2023-07,S005,Central Plant,Metro Central,Excavator,0
2023-08,S005,Central Plant,Metro Central,Excavator,2
2023-09,S005,Central Plant,Metro Central,Excavator,3
2023-10,S005,Central Plant,Metro Central,Excavator,0
2023-11,S005,Central Plant,Metro Central,Excavator,0
2023-12,S005,Central Plant,Metro Central,Excavator,0
2024-01,S005,Central Plant,Metro Central,Excavator,0
2024-02,S005,Central Plant,Metro Central,Excavator,2
2024-03,S005,Central Plant,Metro Central,Excavator,1
2024-04,S005,Central Plant,Metro Central,Excavator,2
2024-05,S005,Central Plant,Metro Central,Excavator,0
2024-06,S005,Central Plant,Metro Central,Excavator,3
2024-07,S005,Central Plant,Metro Central,Excavator,0
2024-08,S005,Central Plant,Metro Central,Excavator,0
2024-09,S005,Central Plant,Metro Central,Excavator,2
2024-10,S005,Central Plant,Metro Central,Excavator,1
2024-11,S005,Central Plant,Metro Central,Excavator,0
2024-12,S005,Central Plant,Metro Central,Excavator,2
2025-01,S005,Central Plant,Metro Central,Excavator,0
2025-02,S005,Central Plant,Metro Central,Excavator,2
2025-03,S005,Central Plant,Metro Central,Excavator,2
2025-04,S005,Central Plant,Metro Central,Excavator,0
2025-05,S005,Central Plant,Metro Central,Excavator,0
2025-06,S005,Central Plant,Metro Central,Excavator,0
2025-07,S005,Central Plant,Metro Central,Excavator,0
2025-08,S005,Central Plant,Metro Central,Excavator,1
2025-09,S005,Central Plant,Metro Central,Excavator,4
2025-10,S005,Central Plant,Metro Central,Excavator,0
2025-11,S005,Central Plant,Metro Central,Excavator,1
2025-12,S005,Central Plant,Metro Central,Excavator,1
2026-01,S005,Central Plant,Metro Central,Excavator,0
2026-02,S005,Central Plant,Metro Central,Excavator,0
2026-03,S005,Central Plant,Metro Central,Excavator,2
2026-04,S005,Central Plant,Metro Central,Excavator,1
2026-05,S005,Central Plant,Metro Central,Excavator,2
2026-06,S005,Central Plant,Metro Central,Excavator,1
2026-07,S005,Central Plant,Metro Central,Excavator,2
2021-08,S005,Central Plant,Metro Central,Bulldozer,0
2021-09,S005,Central Plant,Metro Central,Bulldozer,2
2021-10,S005,Central Plant,Metro Central,Bulldozer,1
2021-11,S005,Central Plant,Metro Central,Bulldozer,1
2021-12,S005,Central Plant,Metro Central,Bulldozer,0
2022-01,S005,Central Plant,Metro Central,Bulldozer,0
2022-02,S005,Central Plant,Metro Central,Bulldozer,1
2022-03,S005,Central Plant,Metro Central,Bulldozer,3
2022-04,S005,Central Plant,Metro Central,Bulldozer,1
2022-05,S005,Central Plant,Metro Central,Bulldozer,2
2022-06,S005,Central Plant,Metro Central,Bulldozer,0
2022-07,S005,Central Plant,Metro Central,Bulldozer,0
2022-08,S005,Central Plant,Metro Central,Bulldozer,1
2022-09,S005,Central Plant,Metro Central,Bulldozer,0
2022-10,S005,Central Plant,Metro Central,Bulldozer,3
2022-11,S005,Central Plant,Metro Central,Bulldozer,0
2022-12,S005,Central Plant,Metro Central,Bulldozer,0
2023-01,S005,Central Plant,Metro Central,Bulldozer,2
2023-02,S005,Central Plant,Metro Central,Bulldozer,2
2023-03,S005,Central Plant,Metro Central,Bulldozer,0
2023-04,S005,Central Plant,Metro Central,Bulldozer,0
2023-05,S005,Central Plant,Metro Central,Bulldozer,1
2023-06,S005,Central Plant,Metro Central,Bulldozer,0
2023-07,S005,Central Plant,Metro Central,Bulldozer,1
2023-08,S005,Central Plant,Metro Central,Bulldozer,2
2023-09,S005,Central Plant,Metro Central,Bulldozer,0
2023-10,S005,Central Plant,Metro Central,Bulldozer,2
2023-11,S005,Central Plant,Metro Central,Bulldozer,1
2023-12,S005,Central Plant,Metro Central,Bulldozer,0
2024-01,S005,Central Plant,Metro Central,Bulldozer,2
2024-02,S005,Central Plant,Metro Central,Bulldozer,1
2024-03,S005,Central Plant,Metro Central,Bulldozer,1
2024-04,S005,Central Plant,Metro Central,Bulldozer,3
2024-05,S005,Central Plant,Metro Central,Bulldozer,2
2024-06,S005,Central Plant,Metro Central,Bulldozer,2
2024-07,S005,Central Plant,Metro Central,Bulldozer,2
2024-08,S005,Central Plant,Metro Central,Bulldozer,3
2024-09,S005,Central Plant,Metro Central,Bulldozer,1
2024-10,S005,Central Plant,Metro Central,Bulldozer,1
2024-11,S005,Central Plant,Metro Central,Bulldozer,2
2024-12,S005,Central Plant,Metro Central,Bulldozer,0
2025-01,S005,Central Plant,Metro Central,Bulldozer,0
2025-02,S005,Central Plant,Metro Central,Bulldozer,1
2025-03,S005,Central Plant,Metro Central,Bulldozer,1
2025-04,S005,Central Plant,Metro Central,Bulldozer,2
2025-05,S005,Central Plant,Metro Central,Bulldozer,2
2025-06,S005,Central Plant,Metro Central,Bulldozer,0
2025-07,S005,Central Plant,Metro Central,Bulldozer,1
2025-08,S005,Central Plant,Metro Central,Bulldozer,0
2025-09,S005,Central Plant,Metro Central,Bulldozer,0
2025-10,S005,Central Plant,Metro Central,Bulldozer,1
2025-11,S005,Central Plant,Metro Central,Bulldozer,0
2025-12,S005,Central Plant,Metro Central,Bulldozer,0
2026-01,S005,Central Plant,Metro Central,Bulldozer,0
2026-02,S005,Central Plant,Metro Central,Bulldozer,1
2026-03,S005,Central Plant,Metro Central,Bulldozer,1
2026-04,S005,Central Plant,Metro Central,Bulldozer,1
2026-05,S005,Central Plant,Metro Central,Bulldozer,0
2026-06,S005,Central Plant,Metro Central,Bulldozer,4
2026-07,S005,Central Plant,Metro Central,Bulldozer,2
2021-08,S005,Central Plant,Metro Central,Crane,3
2021-09,S005,Central Plant,Metro Central,Crane,0
2021-10,S005,Central Plant,Metro Central,Crane,0
2021-11,S005,Central Plant,Metro Central,Crane,1
2021-12,S005,Central Plant,Metro Central,Crane,1
2022-01,S005,Central Plant,Metro Central,Crane,1
2022-02,S005,Central Plant,Metro Central,Crane,1
2022-03,S005,Central Plant,Metro Central,Crane,1
2022-04,S005,Central Plant,Metro Central,Crane,1
2022-05,S005,Central Plant,Metro Central,Crane,0
2022-06,S005,Central Plant,Metro Central,Crane,0
2022-07,S005,Central Plant,Metro Central,Crane,0
2022-08,S005,Central Plant,Metro Central,Crane,0
2022-09,S005,Central Plant,Metro Central,Crane,0
2022-10,S005,Central Plant,Metro Central,Crane,1
2022-11,S005,Central Plant,Metro Central,Crane,0
2022-12,S005,Central Plant,Metro Central,Crane,3
2023-01,S005,Central Plant,Metro Central,Crane,1
2023-02,S005,Central Plant,Metro Central,Crane,0
2023-03,S005,Central Plant,Metro Central,Crane,1
2023-04,S005,Central Plant,Metro Central,Crane,0
2023-05,S005,Central Plant,Metro Central,Crane,0
2023-06,S005,Central Plant,Metro Central,Crane,0
2023-07,S005,Central Plant,Metro Central,Crane,1
2023-08,S005,Central Plant,Metro Central,Crane,0
2023-09,S005,Central Plant,Metro Central,Crane,1
2023-10,S005,Central Plant,Metro Central,Crane,0
2023-11,S005,Central Plant,Metro Central,Crane,0
2023-12,S005,Central Plant,Metro Central,Crane,1
2024-01,S005,Central Plant,Metro Central,Crane,0
2024-02,S005,Central Plant,Metro Central,Crane,0
2024-03,S005,Central Plant,Metro Central,Crane,0
2024-04,S005,Central Plant,Metro Central,Crane,1
2024-05,S005,Central Plant,Metro Central,Crane,0
2024-06,S005,Central Plant,Metro Central,Crane,0
2024-07,S005,Central Plant,Metro Central,Crane,2
2024-08,S005,Central Plant,Metro Central,Crane,0
2024-09,S005,Central Plant,Metro Central,Crane,1
2024-10,S005,Central Plant,Metro Central,Crane,1
2024-11,S005,Central Plant,Metro Central,Crane,2
2024-12,S005,Central Plant,Metro Central,Crane,1
2025-01,S005,Central Plant,Metro Central,Crane,0
2025-02,S005,Central Plant,Metro Central,Crane,1
2025-03,S005,Central Plant,Metro Central,Crane,1
2025-04,S005,Central Plant,Metro Central,Crane,0
2025-05,S005,Central Plant,Metro Central,Crane,0
2025-06,S005,Central Plant,Metro Central,Crane,0
2025-07,S005,Central Plant,Metro Central,Crane,0
2025-08,S005,Central Plant,Metro Central,Crane,1
2025-09,S005,Central Plant,Metro Central,Crane,0
2025-10,S005,Central Plant,Metro Central,Crane,0
2025-11,S005,Central Plant,Metro Central,Crane,2
2025-12,S005,Central Plant,Metro Central,Crane,1
2026-01,S005,Central Plant,Metro Central,Crane,1
2026-02,S005,Central Plant,Metro Central,Crane,0
2026-03,S005,Central Plant,Metro Central,Crane,0
2026-04,S005,Central Plant,Metro Central,Crane,0
2026-05,S005,Central Plant,Metro Central,Crane,0
2026-06,S005,Central Plant,Metro Central,Crane,0
2026-07,S005,Central Plant,Metro Central,Crane,1
2021-08,S005,Central Plant,Metro Central,Grader,0
2021-09,S005,Central Plant,Metro Central,Grader,0
2021-10,S005,Central Plant,Metro Central,Grader,0
2021-11,S005,Central Plant,Metro Central,Grader,0
2021-12,S005,Central Plant,Metro Central,Grader,0
2022-01,S005,Central Plant,Metro Central,Grader,0
2022-02,S005,Central Plant,Metro Central,Grader,0
2022-03,S005,Central Plant,Metro Central,Grader,0
2022-04,S005,Central Plant,Metro Central,Grader,0
2022-05,S005,Central Plant,Metro Central,Grader,1
2022-06,S005,Central Plant,Metro Central,Grader,0
2022-07,S005,Central Plant,Metro Central,Grader,0
2022-08,S005,Central Plant,Metro Central,Grader,0
2022-09,S005,Central Plant,Metro Central,Grader,1
2022-10,S005,Central Plant,Metro Central,Grader,0
2022-11,S005,Central Plant,Metro Central,Grader,0
2022-12,S005,Central Plant,Metro Central,Grader,1
2023-01,S005,Central Plant,Metro Central,Grader,0
2023-02,S005,Central Plant,Metro Central,Grader,0
2023-03,S005,Central Plant,Metro Central,Grader,0
2023-04,S005,Central Plant,Metro Central,Grader,0
2023-05,S005,Central Plant,Metro Central,Grader,0
2023-06,S005,Central Plant,Metro Central,Grader,1
2023-07,S005,Central Plant,Metro Central,Grader,0
2023-08,S005,Central Plant,Metro Central,Grader,0
2023-09,S005,Central Plant,Metro Central,Grader,0
2023-10,S005,Central Plant,Metro Central,Grader,0
2023-11,S005,Central Plant,Metro Central,Grader,1
2023-12,S005,Central Plant,Metro Central,Grader,1
2024-01,S005,Central Plant,Metro Central,Grader,0
2024-02,S005,Central Plant,Metro Central,Grader,0
2024-03,S005,Central Plant,Metro Central,Grader,1
2024-04,S005,Central Plant,Metro Central,Grader,0
2024-05,S005,Central Plant,Metro Central,Grader,1
2024-06,S005,Central Plant,Metro Central,Grader,0
2024-07,S005,Central Plant,Metro Central,Grader,2
2024-08,S005,Central Plant,Metro Central,Grader,1
2024-09,S005,Central Plant,Metro Central,Grader,0
2024-10,S005,Central Plant,Metro Central,Grader,1
2024-11,S005,Central Plant,Metro Central,Grader,0
2024-12,S005,Central Plant,Metro Central,Grader,1
2025-01,S005,Central Plant,Metro Central,Grader,2
2025-02,S005,Central Plant,Metro Central,Grader,1
2025-03,S005,Central Plant,Metro Central,Grader,0
2025-04,S005,Central Plant,Metro Central,Grader,0
2025-05,S005,Central Plant,Metro Central,Grader,1
2025-06,S005,Central Plant,Metro Central,Grader,1
2025-07,S005,Central Plant,Metro Central,Grader,3
2025-08,S005,Central Plant,Metro Central,Grader,1
2025-09,S005,Central Plant,Metro Central,Grader,3
2025-10,S005,Central Plant,Metro Central,Grader,3
2025-11,S005,Central Plant,Metro Central,Grader,1
2025-12,S005,Central Plant,Metro Central,Grader,1
2026-01,S005,Central Plant,Metro Central,Grader,3
2026-02,S005,Central Plant,Metro Central,Grader,1
2026-03,S005,Central Plant,Metro Central,Grader,0
2026-04,S005,Central Plant,Metro Central,Grader,0
2026-05,S005,Central Plant,Metro Central,Grader,0
2026-06,S005,Central Plant,Metro Central,Grader,3
2026-07,S005,Central Plant,Metro Central,Grader,0
2021-08,S005,Central Plant,Metro Central,Forklift,1
2021-09,S005,Central Plant,Metro Central,Forklift,3
2021-10,S005,Central Plant,Metro Central,Forklift,3
2021-11,S005,Central Plant,Metro Central,Forklift,1
2021-12,S005,Central Plant,Metro Central,Forklift,2
2022-01,S005,Central Plant,Metro Central,Forklift,1
2022-02,S005,Central Plant,Metro Central,Forklift,2
2022-03,S005,Central Plant,Metro Central,Forklift,3
2022-04,S005,Central Plant,Metro Central,Forklift,1
2022-05,S005,Central Plant,Metro Central,Forklift,1
2022-06,S005,Central Plant,Metro Central,Forklift,0
2022-07,S005,Central Plant,Metro Central,Forklift,0
2022-08,S005,Central Plant,Metro Central,Forklift,2
2022-09,S005,Central Plant,Metro Central,Forklift,1
2022-10,S005,Central Plant,Metro Central,Forklift,0
2022-11,S005,Central Plant,Metro Central,Forklift,2
2022-12,S005,Central Plant,Metro Central,Forklift,2
2023-01,S005,Central Plant,Metro Central,Forklift,1
2023-02,S005,Central Plant,Metro Central,Forklift,1
2023-03,S005,Central Plant,Metro Central,Forklift,4
2023-04,S005,Central Plant,Metro Central,Forklift,3
2023-05,S005,Central Plant,Metro Central,Forklift,0
2023-06,S005,Central Plant,Metro Central,Forklift,1
2023-07,S005,Central Plant,Metro Central,Forklift,0
2023-08,S005,Central Plant,Metro Central,Forklift,0
2023-09,S005,Central Plant,Metro Central,Forklift,2
2023-10,S005,Central Plant,Metro Central,Forklift,1
2023-11,S005,Central Plant,Metro Central,Forklift,1
2023-12,S005,Central Plant,Metro Central,Forklift,0
2024-01,S005,Central Plant,Metro Central,Forklift,2
2024-02,S005,Central Plant,Metro Central,Forklift,1
2024-03,S005,Central Plant,Metro Central,Forklift,3
2024-04,S005,Central Plant,Metro Central,Forklift,0
2024-05,S005,Central Plant,Metro Central,Forklift,0
2024-06,S005,Central Plant,Metro Central,Forklift,0
2024-07,S005,Central Plant,Metro Central,Forklift,1
2024-08,S005,Central Plant,Metro Central,Forklift,0
2024-09,S005,Central Plant,Metro Central,Forklift,0
2024-10,S005,Central Plant,Metro Central,Forklift,1
2024-11,S005,Central Plant,Metro Central,Forklift,1
2024-12,S005,Central Plant,Metro Central,Forklift,2
2025-01,S005,Central Plant,Metro Central,Forklift,1
2025-02,S005,Central Plant,Metro Central,Forklift,1
2025-03,S005,Central Plant,Metro Central,Forklift,3
2025-04,S005,Central Plant,Metro Central,Forklift,0
2025-05,S005,Central Plant,Metro Central,Forklift,1
2025-06,S005,Central Plant,Metro Central,Forklift,3
2025-07,S005,Central Plant,Metro Central,Forklift,0
2025-08,S005,Central Plant,Metro Central,Forklift,0
2025-09,S005,Central Plant,Metro Central,Forklift,1
2025-10,S005,Central Plant,Metro Central,Forklift,2
2025-11,S005,Central Plant,Metro Central,Forklift,0
2025-12,S005,Central Plant,Metro Central,Forklift,0
2026-01,S005,Central Plant,Metro Central,Forklift,0
2026-02,S005,Central Plant,Metro Central,Forklift,1
2026-03,S005,Central Plant,Metro Central,Forklift,1
2026-04,S005,Central Plant,Metro Central,Forklift,1
2026-05,S005,Central Plant,Metro Central,Forklift,0
2026-06,S005,Central Plant,Metro Central,Forklift,0
2026-07,S005,Central Plant,Metro Central,Forklift,0
2021-08,S005,Central Plant,Metro Central,Loader,1
2021-09,S005,Central Plant,Metro Central,Loader,1
2021-10,S005,Central Plant,Metro Central,Loader,0
2021-11,S005,Central Plant,Metro Central,Loader,1
2021-12,S005,Central Plant,Metro Central,Loader,0
2022-01,S005,Central Plant,Metro Central,Loader,0
2022-02,S005,Central Plant,Metro Central,Loader,0
2022-03,S005,Central Plant,Metro Central,Loader,0
2022-04,S005,Central Plant,Metro Central,Loader,0
2022-05,S005,Central Plant,Metro Central,Loader,0
2022-06,S005,Central Plant,Metro Central,Loader,1
2022-07,S005,Central Plant,Metro Central,Loader,2
2022-08,S005,Central Plant,Metro Central,Loader,1
2022-09,S005,Central Plant,Metro Central,Loader,1
2022-10,S005,Central Plant,Metro Central,Loader,0
2022-11,S005,Central Plant,Metro Central,Loader,1
2022-12,S005,Central Plant,Metro Central,Loader,2
2023-01,S005,Central Plant,Metro Central,Loader,1
2023-02,S005,Central Plant,Metro Central,Loader,0
2023-03,S005,Central Plant,Metro Central,Loader,3
2023-04,S005,Central Plant,Metro Central,Loader,3
2023-05,S005,Central Plant,Metro Central,Loader,1
2023-06,S005,Central Plant,Metro Central,Loader,0
2023-07,S005,Central Plant,Metro Central,Loader,3
2023-08,S005,Central Plant,Metro Central,Loader,1
2023-09,S005,Central Plant,Metro Central,Loader,2
2023-10,S005,Central Plant,Metro Central,Loader,0
2023-11,S005,Central Plant,Metro Central,Loader,0
2023-12,S005,Central Plant,Metro Central,Loader,0
2024-01,S005,Central Plant,Metro Central,Loader,1
2024-02,S005,Central Plant,Metro Central,Loader,0
2024-03,S005,Central Plant,Metro Central,Loader,0
2024-04,S005,Central Plant,Metro Central,Loader,2
2024-05,S005,Central Plant,Metro Central,Loader,0
2024-06,S005,Central Plant,Metro Central,Loader,2
2024-07,S005,Central Plant,Metro Central,Loader,0
2024-08,S005,Central Plant,Metro Central,Loader,0
2024-09,S005,Central Plant,Metro Central,Loader,0
2024-10,S005,Central Plant,Metro Central,Loader,0
2024-11,S005,Central Plant,Metro Central,Loader,0
2024-12,S005,Central Plant,Metro Central,Loader,1
2025-01,S005,Central Plant,Metro Central,Loader,1
2025-02,S005,Central Plant,Metro Central,Loader,1
2025-03,S005,Central Plant,Metro Central,Loader,0
2025-04,S005,Central Plant,Metro Central,Loader,0
2025-05,S005,Central Plant,Metro Central,Loader,1
2025-06,S005,Central Plant,Metro Central,Loader,0
2025-07,S005,Central Plant,Metro Central,Loader,1
2025-08,S005,Central Plant,Metro Central,Loader,1
2025-09,S005,Central Plant,Metro Central,Loader,1
2025-10,S005,Central Plant,Metro Central,Loader,1
2025-11,S005,Central Plant,Metro Central,Loader,1
2025-12,S005,Central Plant,Metro Central,Loader,0
2026-01,S005,Central Plant,Metro Central,Loader,0
2026-02,S005,Central Plant,Metro Central,Loader,0
2026-03,S005,Central Plant,Metro Central,Loader,1
2026-04,S005,Central Plant,Metro Central,Loader,0
2026-05,S005,Central Plant,Metro Central,Loader,0
2026-06,S005,Central Plant,Metro Central,Loader,0
2026-07,S005,Central Plant,Metro Central,Loader,1
2021-08,S005,Central Plant,Metro Central,Roller,0
2021-09,S005,Central Plant,Metro Central,Roller,0
2021-10,S005,Central Plant,Metro Central,Roller,0
2021-11,S005,Central Plant,Metro Central,Roller,0
2021-12,S005,Central Plant,Metro Central,Roller,1
2022-01,S005,Central Plant,Metro Central,Roller,1
2022-02,S005,Central Plant,Metro Central,Roller,1
2022-03,S005,Central Plant,Metro Central,Roller,0
2022-04,S005,Central Plant,Metro Central,Roller,0
2022-05,S005,Central Plant,Metro Central,Roller,0
2022-06,S005,Central Plant,Metro Central,Roller,0
2022-07,S005,Central Plant,Metro Central,Roller,0
2022-08,S005,Central Plant,Metro Central,Roller,0
2022-09,S005,Central Plant,Metro Central,Roller,2
2022-10,S005,Central Plant,Metro Central,Roller,2
2022-11,S005,Central Plant,Metro Central,Roller,0
2022-12,S005,Central Plant,Metro Central,Roller,2
2023-01,S005,Central Plant,Metro Central,Roller,1
2023-02,S005,Central Plant,Metro Central,Roller,1
2023-03,S005,Central Plant,Metro Central,Roller,1
2023-04,S005,Central Plant,Metro Central,Roller,0
2023-05,S005,Central Plant,Metro Central,Roller,1
2023-06,S005,Central Plant,Metro Central,Roller,0
2023-07,S005,Central Plant,Metro Central,Roller,0
2023-08,S005,Central Plant,Metro Central,Roller,0
2023-09,S005,Central Plant,Metro Central,Roller,1
2023-10,S005,Central Plant,Metro Central,Roller,0
2023-11,S005,Central Plant,Metro Central,Roller,0
2023-12,S005,Central Plant,Metro Central,Roller,0
2024-01,S005,Central Plant,Metro Central,Roller,0
2024-02,S005,Central Plant,Metro Central,Roller,0
2024-03,S005,Central Plant,Metro Central,Roller,0
2024-04,S005,Central Plant,Metro Central,Roller,0
2024-05,S005,Central Plant,Metro Central,Roller,0
2024-06,S005,Central Plant,Metro Central,Roller,0
2024-07,S005,Central Plant,Metro Central,Roller,0
2024-08,S005,Central Plant,Metro Central,Roller,0
2024-09,S005,Central Plant,Metro Central,Roller,0
2024-10,S005,Central Plant,Metro Central,Roller,1
2024-11,S005,Central Plant,Metro Central,Roller,0
2024-12,S005,Central Plant,Metro Central,Roller,0
2025-01,S005,Central Plant,Metro Central,Roller,1
2025-02,S005,Central Plant,Metro Central,Roller,0
2025-03,S005,Central Plant,Metro Central,Roller,0
2025-04,S005,Central Plant,Metro Central,Roller,0
2025-05,S005,Central Plant,Metro Central,Roller,2
2025-06,S005,Central Plant,Metro Central,Roller,1
2025-07,S005,Central Plant,Metro Central,Roller,0
2025-08,S005,Central Plant,Metro Central,Roller,2
2025-09,S005,Central Plant,Metro Central,Roller,0
2025-10,S005,Central Plant,Metro Central,Roller,0
2025-11,S005,Central Plant,Metro Central,Roller,1
2025-12,S005,Central Plant,Metro Central,Roller,0
2026-01,S005,Central Plant,Metro Central,Roller,0
2026-02,S005,Central Plant,Metro Central,Roller,0
2026-03,S005,Central Plant,Metro Central,Roller,0
2026-04,S005,Central Plant,Metro Central,Roller,0
2026-05,S005,Central Plant,Metro Central,Roller,0
2026-06,S005,Central Plant,Metro Central,Roller,1
2026-07,S005,Central Plant,Metro Central,Roller,0
2021-08,S006,Lakeside Project,Highlands,Excavator,5
2021-09,S006,Lakeside Project,Highlands,Excavator,2
2021-10,S006,Lakeside Project,Highlands,Excavator,0
2021-11,S006,Lakeside Project,Highlands,Excavator,1
2021-12,S006,Lakeside Project,Highlands,Excavator,1
2022-01,S006,Lakeside Project,Highlands,Excavator,0
2022-02,S006,Lakeside Project,Highlands,Excavator,1
2022-03,S006,Lakeside Project,Highlands,Excavator,1
2022-04,S006,Lakeside Project,Highlands,Excavator,2
2022-05,S006,Lakeside Project,Highlands,Excavator,1
2022-06,S006,Lakeside Project,Highlands,Excavator,0
2022-07,S006,Lakeside Project,Highlands,Excavator,1
2022-08,S006,Lakeside Project,Highlands,Excavator,1
2022-09,S006,Lakeside Project,Highlands,Excavator,0
2022-10,S006,Lakeside Project,Highlands,Excavator,0
2022-11,S006,Lakeside Project,Highlands,Excavator,3
2022-12,S006,Lakeside Project,Highlands,Excavator,1
2023-01,S006,Lakeside Project,Highlands,Excavator,2
2023-02,S006,Lakeside Project,Highlands,Excavator,2
2023-03,S006,Lakeside Project,Highlands,Excavator,1
2023-04,S006,Lakeside Project,Highlands,Excavator,1
2023-05,S006,Lakeside Project,Highlands,Excavator,2
2023-06,S006,Lakeside Project,Highlands,Excavator,1
2023-07,S006,Lakeside Project,Highlands,Excavator,3
2023-08,S006,Lakeside Project,Highlands,Excavator,2
2023-09,S006,Lakeside Project,Highlands,Excavator,2
2023-10,S006,Lakeside Project,Highlands,Excavator,3
2023-11,S006,Lakeside Project,Highlands,Excavator,1
2023-12,S006,Lakeside Project,Highlands,Excavator,0
2024-01,S006,Lakeside Project,Highlands,Excavator,1
2024-02,S006,Lakeside Project,Highlands,Excavator,3
2024-03,S006,Lakeside Project,Highlands,Excavator,1
2024-04,S006,Lakeside Project,Highlands,Excavator,0
2024-05,S006,Lakeside Project,Highlands,Excavator,0
2024-06,S006,Lakeside Project,Highlands,Excavator,2
2024-07,S006,Lakeside Project,Highlands,Excavator,0
2024-08,S006,Lakeside Project,Highlands,Excavator,3
2024-09,S006,Lakeside Project,Highlands,Excavator,2
2024-10,S006,Lakeside Project,Highlands,Excavator,3
2024-11,S006,Lakeside Project,Highlands,Excavator,0
2024-12,S006,Lakeside Project,Highlands,Excavator,1
2025-01,S006,Lakeside Project,Highlands,Excavator,1
2025-02,S006,Lakeside Project,Highlands,Excavator,1
2025-03,S006,Lakeside Project,Highlands,Excavator,0
2025-04,S006,Lakeside Project,Highlands,Excavator,1
2025-05,S006,Lakeside Project,Highlands,Excavator,2
2025-06,S006,Lakeside Project,Highlands,Excavator,2
2025-07,S006,Lakeside Project,Highlands,Excavator,1
2025-08,S006,Lakeside Project,Highlands,Excavator,3
2025-09,S006,Lakeside Project,Highlands,Excavator,2
2025-10,S006,Lakeside Project,Highlands,Excavator,2
2025-11,S006,Lakeside Project,Highlands,Excavator,3
2025-12,S006,Lakeside Project,Highlands,Excavator,3
2026-01,S006,Lakeside Project,Highlands,Excavator,1
2026-02,S006,Lakeside Project,Highlands,Excavator,6
2026-03,S006,Lakeside Project,Highlands,Excavator,0
2026-04,S006,Lakeside Project,Highlands,Excavator,3
2026-05,S006,Lakeside Project,Highlands,Excavator,0
2026-06,S006,Lakeside Project,Highlands,Excavator,1
2026-07,S006,Lakeside Project,Highlands,Excavator,2
2021-08,S006,Lakeside Project,Highlands,Bulldozer,0
2021-09,S006,Lakeside Project,Highlands,Bulldozer,1
2021-10,S006,Lakeside Project,Highlands,Bulldozer,2
2021-11,S006,Lakeside Project,Highlands,Bulldozer,2
2021-12,S006,Lakeside Project,Highlands,Bulldozer,0
2022-01,S006,Lakeside Project,Highlands,Bulldozer,0
2022-02,S006,Lakeside Project,Highlands,Bulldozer,0
2022-03,S006,Lakeside Project,Highlands,Bulldozer,2
2022-04,S006,Lakeside Project,Highlands,Bulldozer,0
2022-05,S006,Lakeside Project,Highlands,Bulldozer,1
2022-06,S006,Lakeside Project,Highlands,Bulldozer,1
2022-07,S006,Lakeside Project,Highlands,Bulldozer,1
2022-08,S006,Lakeside Project,Highlands,Bulldozer,0
2022-09,S006,Lakeside Project,Highlands,Bulldozer,1
2022-10,S006,Lakeside Project,Highlands,Bulldozer,1
2022-11,S006,Lakeside Project,Highlands,Bulldozer,0
2022-12,S006,Lakeside Project,Highlands,Bulldozer,1
2023-01,S006,Lakeside Project,Highlands,Bulldozer,0
2023-02,S006,Lakeside Project,Highlands,Bulldozer,0
2023-03,S006,Lakeside Project,Highlands,Bulldozer,1
2023-04,S006,Lakeside Project,Highlands,Bulldozer,1
2023-05,S006,Lakeside Project,Highlands,Bulldozer,2
2023-06,S006,Lakeside Project,Highlands,Bulldozer,1
2023-07,S006,Lakeside Project,Highlands,Bulldozer,6
2023-08,S006,Lakeside Project,Highlands,Bulldozer,1
2023-09,S006,Lakeside Project,Highlands,Bulldozer,2
2023-10,S006,Lakeside Project,Highlands,Bulldozer,3
2023-11,S006,Lakeside Project,Highlands,Bulldozer,0
2023-12,S006,Lakeside Project,Highlands,Bulldozer,0
2024-01,S006,Lakeside Project,Highlands,Bulldozer,0
2024-02,S006,Lakeside Project,Highlands,Bulldozer,0
2024-03,S006,Lakeside Project,Highlands,Bulldozer,0
2024-04,S006,Lakeside Project,Highlands,Bulldozer,0
2024-05,S006,Lakeside Project,Highlands,Bulldozer,0
2024-06,S006,Lakeside Project,Highlands,Bulldozer,0
2024-07,S006,Lakeside Project,Highlands,Bulldozer,0
2024-08,S006,Lakeside Project,Highlands,Bulldozer,0
2024-09,S006,Lakeside Project,Highlands,Bulldozer,1
2024-10,S006,Lakeside Project,Highlands,Bulldozer,1
2024-11,S006,Lakeside Project,Highlands,Bulldozer,1
2024-12,S006,Lakeside Project,Highlands,Bulldozer,2
2025-01,S006,Lakeside Project,Highlands,Bulldozer,1
2025-02,S006,Lakeside Project,Highlands,Bulldozer,2
2025-03,S006,Lakeside Project,Highlands,Bulldozer,3
2025-04,S006,Lakeside Project,Highlands,Bulldozer,0
2025-05,S006,Lakeside Project,Highlands,Bulldozer,1
2025-06,S006,Lakeside Project,Highlands,Bulldozer,0
2025-07,S006,Lakeside Project,Highlands,Bulldozer,0
2025-08,S006,Lakeside Project,Highlands,Bulldozer,3
2025-09,S006,Lakeside Project,Highlands,Bulldozer,3
2025-10,S006,Lakeside Project,Highlands,Bulldozer,1
2025-11,S006,Lakeside Project,Highlands,Bulldozer,0
2025-12,S006,Lakeside Project,Highlands,Bulldozer,1
2026-01,S006,Lakeside Project,Highlands,Bulldozer,1
2026-02,S006,Lakeside Project,Highlands,Bulldozer,0
2026-03,S006,Lakeside Project,Highlands,Bulldozer,1
2026-04,S006,Lakeside Project,Highlands,Bulldozer,1
2026-05,S006,Lakeside Project,Highlands,Bulldozer,2
2026-06,S006,Lakeside Project,Highlands,Bulldozer,0
2026-07,S006,Lakeside Project,Highlands,Bulldozer,3
2021-08,S006,Lakeside Project,Highlands,Crane,0
2021-09,S006,Lakeside Project,Highlands,Crane,0
2021-10,S006,Lakeside Project,Highlands,Crane,1
2021-11,S006,Lakeside Project,Highlands,Crane,2
2021-12,S006,Lakeside Project,Highlands,Crane,0
2022-01,S006,Lakeside Project,Highlands,Crane,0
2022-02,S006,Lakeside Project,Highlands,Crane,0
2022-03,S006,Lakeside Project,Highlands,Crane,1
2022-04,S006,Lakeside Project,Highlands,Crane,0
2022-05,S006,Lakeside Project,Highlands,Crane,2
2022-06,S006,Lakeside Project,Highlands,Crane,0
2022-07,S006,Lakeside Project,Highlands,Crane,0
2022-08,S006,Lakeside Project,Highlands,Crane,0
2022-09,S006,Lakeside Project,Highlands,Crane,0
2022-10,S006,Lakeside Project,Highlands,Crane,1
2022-11,S006,Lakeside Project,Highlands,Crane,0
2022-12,S006,Lakeside Project,Highlands,Crane,1
2023-01,S006,Lakeside Project,Highlands,Crane,0
2023-02,S006,Lakeside Project,Highlands,Crane,1
2023-03,S006,Lakeside Project,Highlands,Crane,0
2023-04,S006,Lakeside Project,Highlands,Crane,0
2023-05,S006,Lakeside Project,Highlands,Crane,0
2023-06,S006,Lakeside Project,Highlands,Crane,0
2023-07,S006,Lakeside Project,Highlands,Crane,0
2023-08,S006,Lakeside Project,Highlands,Crane,0
2023-09,S006,Lakeside Project,Highlands,Crane,1
2023-10,S006,Lakeside Project,Highlands,Crane,2
2023-11,S006,Lakeside Project,Highlands,Crane,0
2023-12,S006,Lakeside Project,Highlands,Crane,2
2024-01,S006,Lakeside Project,Highlands,Crane,1
2024-02,S006,Lakeside Project,Highlands,Crane,0
2024-03,S006,Lakeside Project,Highlands,Crane,0
2024-04,S006,Lakeside Project,Highlands,Crane,1
2024-05,S006,Lakeside Project,Highlands,Crane,0
2024-06,S006,Lakeside Project,Highlands,Crane,0
2024-07,S006,Lakeside Project,Highlands,Crane,0
2024-08,S006,Lakeside Project,Highlands,Crane,0
2024-09,S006,Lakeside Project,Highlands,Crane,0
2024-10,S006,Lakeside Project,Highlands,Crane,0
2024-11,S006,Lakeside Project,Highlands,Crane,1
2024-12,S006,Lakeside Project,Highlands,Crane,1
2025-01,S006,Lakeside Project,Highlands,Crane,0
2025-02,S006,Lakeside Project,Highlands,Crane,0
2025-03,S006,Lakeside Project,Highlands,Crane,0
2025-04,S006,Lakeside Project,Highlands,Crane,0
2025-05,S006,Lakeside Project,Highlands,Crane,0
2025-06,S006,Lakeside Project,Highlands,Crane,0
2025-07,S006,Lakeside Project,Highlands,Crane,1
2025-08,S006,Lakeside Project,Highlands,Crane,0
2025-09,S006,Lakeside Project,Highlands,Crane,0
2025-10,S006,Lakeside Project,Highlands,Crane,0
2025-11,S006,Lakeside Project,Highlands,Crane,0
2025-12,S006,Lakeside Project,Highlands,Crane,0
2026-01,S006,Lakeside Project,Highlands,Crane,0
2026-02,S006,Lakeside Project,Highlands,Crane,0
2026-03,S006,Lakeside Project,Highlands,Crane,0
2026-04,S006,Lakeside Project,Highlands,Crane,0
2026-05,S006,Lakeside Project,Highlands,Crane,0
2026-06,S006,Lakeside Project,Highlands,Crane,0
2026-07,S006,Lakeside Project,Highlands,Crane,0
2021-08,S006,Lakeside Project,Highlands,Grader,1
2021-09,S006,Lakeside Project,Highlands,Grader,0
2021-10,S006,Lakeside Project,Highlands,Grader,2
2021-11,S006,Lakeside Project,Highlands,Grader,0
2021-12,S006,Lakeside Project,Highlands,Grader,0
2022-01,S006,Lakeside Project,Highlands,Grader,0
2022-02,S006,Lakeside Project,Highlands,Grader,0
2022-03,S006,Lakeside Project,Highlands,Grader,1
2022-04,S006,Lakeside Project,Highlands,Grader,0
2022-05,S006,Lakeside Project,Highlands,Grader,0
2022-06,S006,Lakeside Project,Highlands,Grader,0
2022-07,S006,Lakeside Project,Highlands,Grader,1
2022-08,S006,Lakeside Project,Highlands,Grader,0
2022-09,S006,Lakeside Project,Highlands,Grader,0
2022-10,S006,Lakeside Project,Highlands,Grader,0
2022-11,S006,Lakeside Project,Highlands,Grader,0
2022-12,S006,Lakeside Project,Highlands,Grader,1
2023-01,S006,Lakeside Project,Highlands,Grader,2
2023-02,S006,Lakeside Project,Highlands,Grader,0
2023-03,S006,Lakeside Project,Highlands,Grader,0
2023-04,S006,Lakeside Project,Highlands,Grader,0
2023-05,S006,Lakeside Project,Highlands,Grader,0
2023-06,S006,Lakeside Project,Highlands,Grader,1
2023-07,S006,Lakeside Project,Highlands,Grader,1
2023-08,S006,Lakeside Project,Highlands,Grader,0
2023-09,S006,Lakeside Project,Highlands,Grader,0
2023-10,S006,Lakeside Project,Highlands,Grader,3
2023-11,S006,Lakeside Project,Highlands,Grader,0
2023-12,S006,Lakeside Project,Highlands,Grader,1
2024-01,S006,Lakeside Project,Highlands,Grader,0
2024-02,S006,Lakeside Project,Highlands,Grader,0
2024-03,S006,Lakeside Project,Highlands,Grader,1
2024-04,S006,Lakeside Project,Highlands,Grader,0
2024-05,S006,Lakeside Project,Highlands,Grader,0
2024-06,S006,Lakeside Project,Highlands,Grader,1
2024-07,S006,Lakeside Project,Highlands,Grader,0
2024-08,S006,Lakeside Project,Highlands,Grader,0
2024-09,S006,Lakeside Project,Highlands,Grader,0
2024-10,S006,Lakeside Project,Highlands,Grader,1
2024-11,S006,Lakeside Project,Highlands,Grader,0
2024-12,S006,Lakeside Project,Highlands,Grader,0
2025-01,S006,Lakeside Project,Highlands,Grader,0
2025-02,S006,Lakeside Project,Highlands,Grader,1
2025-03,S006,Lakeside Project,Highlands,Grader,1
2025-04,S006,Lakeside Project,Highlands,Grader,1
2025-05,S006,Lakeside Project,Highlands,Grader,1
2025-06,S006,Lakeside Project,Highlands,Grader,0
2025-07,S006,Lakeside Project,Highlands,Grader,1
2025-08,S006,Lakeside Project,Highlands,Grader,0
2025-09,S006,Lakeside Project,Highlands,Grader,0
2025-10,S006,Lakeside Project,Highlands,Grader,0
2025-11,S006,Lakeside Project,Highlands,Grader,0
2025-12,S006,Lakeside Project,Highlands,Grader,1
2026-01,S006,Lakeside Project,Highlands,Grader,1
2026-02,S006,Lakeside Project,Highlands,Grader,1
2026-03,S006,Lakeside Project,Highlands,Grader,3
2026-04,S006,Lakeside Project,Highlands,Grader,0
2026-05,S006,Lakeside Project,Highlands,Grader,1
2026-06,S006,Lakeside Project,Highlands,Grader,0
2026-07,S006,Lakeside Project,Highlands,Grader,0
2021-08,S006,Lakeside Project,Highlands,Forklift,0
2021-09,S006,Lakeside Project,Highlands,Forklift,1
2021-10,S006,Lakeside Project,Highlands,Forklift,0
2021-11,S006,Lakeside Project,Highlands,Forklift,0
2021-12,S006,Lakeside Project,Highlands,Forklift,1
2022-01,S006,Lakeside Project,Highlands,Forklift,0
2022-02,S006,Lakeside Project,Highlands,Forklift,0
2022-03,S006,Lakeside Project,Highlands,Forklift,0
2022-04,S006,Lakeside Project,Highlands,Forklift,2
2022-05,S006,Lakeside Project,Highlands,Forklift,0
2022-06,S006,Lakeside Project,Highlands,Forklift,1
2022-07,S006,Lakeside Project,Highlands,Forklift,1
2022-08,S006,Lakeside Project,Highlands,Forklift,0
2022-09,S006,Lakeside Project,Highlands,Forklift,0
2022-10,S006,Lakeside Project,Highlands,Forklift,0
2022-11,S006,Lakeside Project,Highlands,Forklift,3
2022-12,S006,Lakeside Project,Highlands,Forklift,2
2023-01,S006,Lakeside Project,Highlands,Forklift,0
2023-02,S006,Lakeside Project,Highlands,Forklift,1
2023-03,S006,Lakeside Project,Highlands,Forklift,0
2023-04,S006,Lakeside Project,Highlands,Forklift,0
2023-05,S006,Lakeside Project,Highlands,Forklift,0
2023-06,S006,Lakeside Project,Highlands,Forklift,0
2023-07,S006,Lakeside Project,Highlands,Forklift,0
2023-08,S006,Lakeside Project,Highlands,Forklift,0
2023-09,S006,Lakeside Project,Highlands,Forklift,1
2023-10,S006,Lakeside Project,Highlands,Forklift,0
2023-11,S006,Lakeside Project,Highlands,Forklift,1
2023-12,S006,Lakeside Project,Highlands,Forklift,1
2024-01,S006,Lakeside Project,Highlands,Forklift,1
2024-02,S006,Lakeside Project,Highlands,Forklift,2
2024-03,S006,Lakeside Project,Highlands,Forklift,1
2024-04,S006,Lakeside Project,Highlands,Forklift,0
2024-05,S006,Lakeside Project,Highlands,Forklift,0
2024-06,S006,Lakeside Project,Highlands,Forklift,2
2024-07,S006,Lakeside Project,Highlands,Forklift,0
2024-08,S006,Lakeside Project,Highlands,Forklift,0
2024-09,S006,Lakeside Project,Highlands,Forklift,0
2024-10,S006,Lakeside Project,Highlands,Forklift,0
2024-11,S006,Lakeside Project,Highlands,Forklift,0
2024-12,S006,Lakeside Project,Highlands,Forklift,0
2025-01,S006,Lakeside Project,Highlands,Forklift,1
2025-02,S006,Lakeside Project,Highlands,Forklift,1
2025-03,S006,Lakeside Project,Highlands,Forklift,0
2025-04,S006,Lakeside Project,Highlands,Forklift,1
2025-05,S006,Lakeside Project,Highlands,Forklift,0
2025-06,S006,Lakeside Project,Highlands,Forklift,0
2025-07,S006,Lakeside Project,Highlands,Forklift,2
2025-08,S006,Lakeside Project,Highlands,Forklift,0
2025-09,S006,Lakeside Project,Highlands,Forklift,1
2025-10,S006,Lakeside Project,Highlands,Forklift,1
2025-11,S006,Lakeside Project,Highlands,Forklift,0
2025-12,S006,Lakeside Project,Highlands,Forklift,0
2026-01,S006,Lakeside Project,Highlands,Forklift,1
2026-02,S006,Lakeside Project,Highlands,Forklift,1
2026-03,S006,Lakeside Project,Highlands,Forklift,2
2026-04,S006,Lakeside Project,Highlands,Forklift,1
2026-05,S006,Lakeside Project,Highlands,Forklift,2
2026-06,S006,Lakeside Project,Highlands,Forklift,3
2026-07,S006,Lakeside Project,Highlands,Forklift,1
2021-08,S006,Lakeside Project,Highlands,Loader,0
2021-09,S006,Lakeside Project,Highlands,Loader,0
2021-10,S006,Lakeside Project,Highlands,Loader,1
2021-11,S006,Lakeside Project,Highlands,Loader,0
2021-12,S006,Lakeside Project,Highlands,Loader,0
2022-01,S006,Lakeside Project,Highlands,Loader,1
2022-02,S006,Lakeside Project,Highlands,Loader,0
2022-03,S006,Lakeside Project,Highlands,Loader,0
2022-04,S006,Lakeside Project,Highlands,Loader,0
2022-05,S006,Lakeside Project,Highlands,Loader,0
2022-06,S006,Lakeside Project,Highlands,Loader,1
2022-07,S006,Lakeside Project,Highlands,Loader,1
2022-08,S006,Lakeside Project,Highlands,Loader,1
2022-09,S006,Lakeside Project,Highlands,Loader,1
2022-10,S006,Lakeside Project,Highlands,Loader,0
2022-11,S006,Lakeside Project,Highlands,Loader,1
2022-12,S006,Lakeside Project,Highlands,Loader,0
2023-01,S006,Lakeside Project,Highlands,Loader,0
2023-02,S006,Lakeside Project,Highlands,Loader,1
2023-03,S006,Lakeside Project,Highlands,Loader,1
2023-04,S006,Lakeside Project,Highlands,Loader,1
2023-05,S006,Lakeside Project,Highlands,Loader,0
2023-06,S006,Lakeside Project,Highlands,Loader,1
2023-07,S006,Lakeside Project,Highlands,Loader,0
2023-08,S006,Lakeside Project,Highlands,Loader,0
2023-09,S006,Lakeside Project,Highlands,Loader,1
2023-10,S006,Lakeside Project,Highlands,Loader,0
2023-11,S006,Lakeside Project,Highlands,Loader,0
2023-12,S006,Lakeside Project,Highlands,Loader,0
2024-01,S006,Lakeside Project,Highlands,Loader,0
2024-02,S006,Lakeside Project,Highlands,Loader,0
2024-03,S006,Lakeside Project,Highlands,Loader,2
2024-04,S006,Lakeside Project,Highlands,Loader,1
2024-05,S006,Lakeside Project,Highlands,Loader,1
2024-06,S006,Lakeside Project,Highlands,Loader,2
2024-07,S006,Lakeside Project,Highlands,Loader,2
2024-08,S006,Lakeside Project,Highlands,Loader,2
2024-09,S006,Lakeside Project,Highlands,Loader,1
2024-10,S006,Lakeside Project,Highlands,Loader,2
2024-11,S006,Lakeside Project,Highlands,Loader,1
2024-12,S006,Lakeside Project,Highlands,Loader,2
2025-01,S006,Lakeside Project,Highlands,Loader,1
2025-02,S006,Lakeside Project,Highlands,Loader,0
2025-03,S006,Lakeside Project,Highlands,Loader,0
2025-04,S006,Lakeside Project,Highlands,Loader,2
2025-05,S006,Lakeside Project,Highlands,Loader,0
2025-06,S006,Lakeside Project,Highlands,Loader,0
2025-07,S006,Lakeside Project,Highlands,Loader,0
2025-08,S006,Lakeside Project,Highlands,Loader,2
2025-09,S006,Lakeside Project,Highlands,Loader,1
2025-10,S006,Lakeside Project,Highlands,Loader,1
2025-11,S006,Lakeside Project,Highlands,Loader,0
2025-12,S006,Lakeside Project,Highlands,Loader,1
2026-01,S006,Lakeside Project,Highlands,Loader,0
2026-02,S006,Lakeside Project,Highlands,Loader,0
2026-03,S006,Lakeside Project,Highlands,Loader,0
2026-04,S006,Lakeside Project,Highlands,Loader,2
2026-05,S006,Lakeside Project,Highlands,Loader,0
2026-06,S006,Lakeside Project,Highlands,Loader,0
2026-07,S006,Lakeside Project,Highlands,Loader,1
2021-08,S006,Lakeside Project,Highlands,Roller,0
2021-09,S006,Lakeside Project,Highlands,Roller,0
2021-10,S006,Lakeside Project,Highlands,Roller,0
2021-11,S006,Lakeside Project,Highlands,Roller,1
2021-12,S006,Lakeside Project,Highlands,Roller,0
2022-01,S006,Lakeside Project,Highlands,Roller,0
2022-02,S006,Lakeside Project,Highlands,Roller,0
2022-03,S006,Lakeside Project,Highlands,Roller,0
2022-04,S006,Lakeside Project,Highlands,Roller,0
2022-05,S006,Lakeside Project,Highlands,Roller,0
2022-06,S006,Lakeside Project,Highlands,Roller,0
2022-07,S006,Lakeside Project,Highlands,Roller,1
2022-08,S006,Lakeside Project,Highlands,Roller,2
2022-09,S006,Lakeside Project,Highlands,Roller,0
2022-10,S006,Lakeside Project,Highlands,Roller,2
2022-11,S006,Lakeside Project,Highlands,Roller,0
2022-12,S006,Lakeside Project,Highlands,Roller,1
2023-01,S006,Lakeside Project,Highlands,Roller,1
2023-02,S006,Lakeside Project,Highlands,Roller,0
2023-03,S006,Lakeside Project,Highlands,Roller,1
2023-04,S006,Lakeside Project,Highlands,Roller,1
2023-05,S006,Lakeside Project,Highlands,Roller,0
2023-06,S006,Lakeside Project,Highlands,Roller,0
2023-07,S006,Lakeside Project,Highlands,Roller,0
2023-08,S006,Lakeside Project,Highlands,Roller,2
2023-09,S006,Lakeside Project,Highlands,Roller,2
2023-10,S006,Lakeside Project,Highlands,Roller,0
2023-11,S006,Lakeside Project,Highlands,Roller,1
2023-12,S006,Lakeside Project,Highlands,Roller,0
2024-01,S006,Lakeside Project,Highlands,Roller,0
2024-02,S006,Lakeside Project,Highlands,Roller,0
2024-03,S006,Lakeside Project,Highlands,Roller,0
2024-04,S006,Lakeside Project,Highlands,Roller,1
2024-05,S006,Lakeside Project,Highlands,Roller,0
2024-06,S006,Lakeside Project,Highlands,Roller,0
2024-07,S006,Lakeside Project,Highlands,Roller,0
2024-08,S006,Lakeside Project,Highlands,Roller,0
2024-09,S006,Lakeside Project,Highlands,Roller,1
2024-10,S006,Lakeside Project,Highlands,Roller,2
2024-11,S006,Lakeside Project,Highlands,Roller,0
2024-12,S006,Lakeside Project,Highlands,Roller,0
2025-01,S006,Lakeside Project,Highlands,Roller,0
2025-02,S006,Lakeside Project,Highlands,Roller,3
2025-03,S006,Lakeside Project,Highlands,Roller,0
2025-04,S006,Lakeside Project,Highlands,Roller,0
2025-05,S006,Lakeside Project,Highlands,Roller,0
2025-06,S006,Lakeside Project,Highlands,Roller,0
2025-07,S006,Lakeside Project,Highlands,Roller,1
2025-08,S006,Lakeside Project,Highlands,Roller,1
2025-09,S006,Lakeside Project,Highlands,Roller,0
2025-10,S006,Lakeside Project,Highlands,Roller,0
2025-11,S006,Lakeside Project,Highlands,Roller,1
2025-12,S006,Lakeside Project,Highlands,Roller,0
2026-01,S006,Lakeside Project,Highlands,Roller,0
2026-02,S006,Lakeside Project,Highlands,Roller,1
2026-03,S006,Lakeside Project,Highlands,Roller,0
2026-04,S006,Lakeside Project,Highlands,Roller,0
2026-05,S006,Lakeside Project,Highlands,Roller,0
2026-06,S006,Lakeside Project,Highlands,Roller,0
2026-07,S006,Lakeside Project,Highlands,Roller,1
2021-08,S007,Westgate Expansion,Metro West,Excavator,3
2021-09,S007,Westgate Expansion,Metro West,Excavator,2
2021-10,S007,Westgate Expansion,Metro West,Excavator,0
2021-11,S007,Westgate Expansion,Metro West,Excavator,1
2021-12,S007,Westgate Expansion,Metro West,Excavator,1
2022-01,S007,Westgate Expansion,Metro West,Excavator,2
2022-02,S007,Westgate Expansion,Metro West,Excavator,1
2022-03,S007,Westgate Expansion,Metro West,Excavator,1
2022-04,S007,Westgate Expansion,Metro West,Excavator,2
2022-05,S007,Westgate Expansion,Metro West,Excavator,1
2022-06,S007,Westgate Expansion,Metro West,Excavator,0
2022-07,S007,Westgate Expansion,Metro West,Excavator,2
2022-08,S007,Westgate Expansion,Metro West,Excavator,0
2022-09,S007,Westgate Expansion,Metro West,Excavator,1
2022-10,S007,Westgate Expansion,Metro West,Excavator,3
2022-11,S007,Westgate Expansion,Metro West,Excavator,2
2022-12,S007,Westgate Expansion,Metro West,Excavator,1
2023-01,S007,Westgate Expansion,Metro West,Excavator,0
2023-02,S007,Westgate Expansion,Metro West,Excavator,0
2023-03,S007,Westgate Expansion,Metro West,Excavator,1
2023-04,S007,Westgate Expansion,Metro West,Excavator,2
2023-05,S007,Westgate Expansion,Metro West,Excavator,3
2023-06,S007,Westgate Expansion,Metro West,Excavator,1
2023-07,S007,Westgate Expansion,Metro West,Excavator,0
2023-08,S007,Westgate Expansion,Metro West,Excavator,4
2023-09,S007,Westgate Expansion,Metro West,Excavator,0
2023-10,S007,Westgate Expansion,Metro West,Excavator,1
2023-11,S007,Westgate Expansion,Metro West,Excavator,1
2023-12,S007,Westgate Expansion,Metro West,Excavator,0
2024-01,S007,Westgate Expansion,Metro West,Excavator,1
2024-02,S007,Westgate Expansion,Metro West,Excavator,2
2024-03,S007,Westgate Expansion,Metro West,Excavator,5
2024-04,S007,Westgate Expansion,Metro West,Excavator,1
2024-05,S007,Westgate Expansion,Metro West,Excavator,2
2024-06,S007,Westgate Expansion,Metro West,Excavator,2
2024-07,S007,Westgate Expansion,Metro West,Excavator,4
2024-08,S007,Westgate Expansion,Metro West,Excavator,2
2024-09,S007,Westgate Expansion,Metro West,Excavator,3
2024-10,S007,Westgate Expansion,Metro West,Excavator,1
2024-11,S007,Westgate Expansion,Metro West,Excavator,1
2024-12,S007,Westgate Expansion,Metro West,Excavator,2
2025-01,S007,Westgate Expansion,Metro West,Excavator,0
2025-02,S007,Westgate Expansion,Metro West,Excavator,2
2025-03,S007,Westgate Expansion,Metro West,Excavator,0
2025-04,S007,Westgate Expansion,Metro West,Excavator,2
2025-05,S007,Westgate Expansion,Metro West,Excavator,0
2025-06,S007,Westgate Expansion,Metro West,Excavator,3
2025-07,S007,Westgate Expansion,Metro West,Excavator,0
2025-08,S007,Westgate Expansion,Metro West,Excavator,3
2025-09,S007,Westgate Expansion,Metro West,Excavator,4
2025-10,S007,Westgate Expansion,Metro West,Excavator,1
2025-11,S007,Westgate Expansion,Metro West,Excavator,2
2025-12,S007,Westgate Expansion,Metro West,Excavator,1
2026-01,S007,Westgate Expansion,Metro West,Excavator,0
2026-02,S007,Westgate Expansion,Metro West,Excavator,4
2026-03,S007,Westgate Expansion,Metro West,Excavator,0
2026-04,S007,Westgate Expansion,Metro West,Excavator,2
2026-05,S007,Westgate Expansion,Metro West,Excavator,0
2026-06,S007,Westgate Expansion,Metro West,Excavator,1
2026-07,S007,Westgate Expansion,Metro West,Excavator,1
2021-08,S007,Westgate Expansion,Metro West,Bulldozer,1
2021-09,S007,Westgate Expansion,Metro West,Bulldozer,1
2021-10,S007,Westgate Expansion,Metro West,Bulldozer,1
2021-11,S007,Westgate Expansion,Metro West,Bulldozer,2
2021-12,S007,Westgate Expansion,Metro West,Bulldozer,0
2022-01,S007,Westgate Expansion,Metro West,Bulldozer,2
2022-02,S007,Westgate Expansion,Metro West,Bulldozer,0
2022-03,S007,Westgate Expansion,Metro West,Bulldozer,0
2022-04,S007,Westgate Expansion,Metro West,Bulldozer,1
2022-05,S007,Westgate Expansion,Metro West,Bulldozer,0
2022-06,S007,Westgate Expansion,Metro West,Bulldozer,0
2022-07,S007,Westgate Expansion,Metro West,Bulldozer,1
2022-08,S007,Westgate Expansion,Metro West,Bulldozer,3
2022-09,S007,Westgate Expansion,Metro West,Bulldozer,1
2022-10,S007,Westgate Expansion,Metro West,Bulldozer,4
2022-11,S007,Westgate Expansion,Metro West,Bulldozer,0
2022-12,S007,Westgate Expansion,Metro West,Bulldozer,1
2023-01,S007,Westgate Expansion,Metro West,Bulldozer,1
2023-02,S007,Westgate Expansion,Metro West,Bulldozer,0
2023-03,S007,Westgate Expansion,Metro West,Bulldozer,0
2023-04,S007,Westgate Expansion,Metro West,Bulldozer,0
2023-05,S007,Westgate Expansion,Metro West,Bulldozer,0
2023-06,S007,Westgate Expansion,Metro West,Bulldozer,1
2023-07,S007,Westgate Expansion,Metro West,Bulldozer,2
2023-08,S007,Westgate Expansion,Metro West,Bulldozer,0
2023-09,S007,Westgate Expansion,Metro West,Bulldozer,3
2023-10,S007,Westgate Expansion,Metro West,Bulldozer,0
2023-11,S007,Westgate Expansion,Metro West,Bulldozer,1
2023-12,S007,Westgate Expansion,Metro West,Bulldozer,0
2024-01,S007,Westgate Expansion,Metro West,Bulldozer,3
2024-02,S007,Westgate Expansion,Metro West,Bulldozer,1
2024-03,S007,Westgate Expansion,Metro West,Bulldozer,0
2024-04,S007,Westgate Expansion,Metro West,Bulldozer,1
2024-05,S007,Westgate Expansion,Metro West,Bulldozer,0
2024-06,S007,Westgate Expansion,Metro West,Bulldozer,0
2024-07,S007,Westgate Expansion,Metro West,Bulldozer,0
2024-08,S007,Westgate Expansion,Metro West,Bulldozer,0
2024-09,S007,Westgate Expansion,Metro West,Bulldozer,3
2024-10,S007,Westgate Expansion,Metro West,Bulldozer,2
2024-11,S007,Westgate Expansion,Metro West,Bulldozer,1
2024-12,S007,Westgate Expansion,Metro West,Bulldozer,2
2025-01,S007,Westgate Expansion,Metro West,Bulldozer,0
2025-02,S007,Westgate Expansion,Metro West,Bulldozer,1
2025-03,S007,Westgate Expansion,Metro West,Bulldozer,0
2025-04,S007,Westgate Expansion,Metro West,Bulldozer,0
2025-05,S007,Westgate Expansion,Metro West,Bulldozer,1
2025-06,S007,Westgate Expansion,Metro West,Bulldozer,1
2025-07,S007,Westgate Expansion,Metro West,Bulldozer,2
2025-08,S007,Westgate Expansion,Metro West,Bulldozer,0
2025-09,S007,Westgate Expansion,Metro West,Bulldozer,1
2025-10,S007,Westgate Expansion,Metro West,Bulldozer,1
2025-11,S007,Westgate Expansion,Metro West,Bulldozer,2
2025-12,S007,Westgate Expansion,Metro West,Bulldozer,1
2026-01,S007,Westgate Expansion,Metro West,Bulldozer,0
2026-02,S007,Westgate Expansion,Metro West,Bulldozer,3
2026-03,S007,Westgate Expansion,Metro West,Bulldozer,1
2026-04,S007,Westgate Expansion,Metro West,Bulldozer,0
2026-05,S007,Westgate Expansion,Metro West,Bulldozer,1
2026-06,S007,Westgate Expansion,Metro West,Bulldozer,0
2026-07,S007,Westgate Expansion,Metro West,Bulldozer,0
2021-08,S007,Westgate Expansion,Metro West,Crane,0
2021-09,S007,Westgate Expansion,Metro West,Crane,0
2021-10,S007,Westgate Expansion,Metro West,Crane,0
2021-11,S007,Westgate Expansion,Metro West,Crane,2
2021-12,S007,Westgate Expansion,Metro West,Crane,0
2022-01,S007,Westgate Expansion,Metro West,Crane,0
2022-02,S007,Westgate Expansion,Metro West,Crane,1
2022-03,S007,Westgate Expansion,Metro West,Crane,0
2022-04,S007,Westgate Expansion,Metro West,Crane,4
2022-05,S007,Westgate Expansion,Metro West,Crane,1
2022-06,S007,Westgate Expansion,Metro West,Crane,1
2022-07,S007,Westgate Expansion,Metro West,Crane,4
2022-08,S007,Westgate Expansion,Metro West,Crane,0
2022-09,S007,Westgate Expansion,Metro West,Crane,0
2022-10,S007,Westgate Expansion,Metro West,Crane,1
2022-11,S007,Westgate Expansion,Metro West,Crane,0
2022-12,S007,Westgate Expansion,Metro West,Crane,0
2023-01,S007,Westgate Expansion,Metro West,Crane,0
2023-02,S007,Westgate Expansion,Metro West,Crane,0
2023-03,S007,Westgate Expansion,Metro West,Crane,1
2023-04,S007,Westgate Expansion,Metro West,Crane,0
2023-05,S007,Westgate Expansion,Metro West,Crane,0
2023-06,S007,Westgate Expansion,Metro West,Crane,0
2023-07,S007,Westgate Expansion,Metro West,Crane,1
2023-08,S007,Westgate Expansion,Metro West,Crane,1
2023-09,S007,Westgate Expansion,Metro West,Crane,2
2023-10,S007,Westgate Expansion,Metro West,Crane,0
2023-11,S007,Westgate Expansion,Metro West,Crane,1
2023-12,S007,Westgate Expansion,Metro West,Crane,0
2024-01,S007,Westgate Expansion,Metro West,Crane,0
2024-02,S007,Westgate Expansion,Metro West,Crane,0
2024-03,S007,Westgate Expansion,Metro West,Crane,0
2024-04,S007,Westgate Expansion,Metro West,Crane,0
2024-05,S007,Westgate Expansion,Metro West,Crane,0
2024-06,S007,Westgate Expansion,Metro West,Crane,0
2024-07,S007,Westgate Expansion,Metro West,Crane,0
2024-08,S007,Westgate Expansion,Metro West,Crane,0
2024-09,S007,Westgate Expansion,Metro West,Crane,2
2024-10,S007,Westgate Expansion,Metro West,Crane,0
2024-11,S007,Westgate Expansion,Metro West,Crane,3
2024-12,S007,Westgate Expansion,Metro West,Crane,3
2025-01,S007,Westgate Expansion,Metro West,Crane,0
2025-02,S007,Westgate Expansion,Metro West,Crane,0
2025-03,S007,Westgate Expansion,Metro West,Crane,0
2025-04,S007,Westgate Expansion,Metro West,Crane,0
2025-05,S007,Westgate Expansion,Metro West,Crane,0
2025-06,S007,Westgate Expansion,Metro West,Crane,0
2025-07,S007,Westgate Expansion,Metro West,Crane,1
2025-08,S007,Westgate Expansion,Metro West,Crane,1
2025-09,S007,Westgate Expansion,Metro West,Crane,1
2025-10,S007,Westgate Expansion,Metro West,Crane,0
2025-11,S007,Westgate Expansion,Metro West,Crane,0
2025-12,S007,Westgate Expansion,Metro West,Crane,1
2026-01,S007,Westgate Expansion,Metro West,Crane,0
2026-02,S007,Westgate Expansion,Metro West,Crane,1
2026-03,S007,Westgate Expansion,Metro West,Crane,0
2026-04,S007,Westgate Expansion,Metro West,Crane,1
2026-05,S007,Westgate Expansion,Metro West,Crane,0
2026-06,S007,Westgate Expansion,Metro West,Crane,0
2026-07,S007,Westgate Expansion,Metro West,Crane,0
2021-08,S007,Westgate Expansion,Metro West,Grader,0
2021-09,S007,Westgate Expansion,Metro West,Grader,4
2021-10,S007,Westgate Expansion,Metro West,Grader,3
2021-11,S007,Westgate Expansion,Metro West,Grader,3
2021-12,S007,Westgate Expansion,Metro West,Grader,2
2022-01,S007,Westgate Expansion,Metro West,Grader,1
2022-02,S007,Westgate Expansion,Metro West,Grader,0
2022-03,S007,Westgate Expansion,Metro West,Grader,0
2022-04,S007,Westgate Expansion,Metro West,Grader,1
2022-05,S007,Westgate Expansion,Metro West,Grader,0
2022-06,S007,Westgate Expansion,Metro West,Grader,1
2022-07,S007,Westgate Expansion,Metro West,Grader,0
2022-08,S007,Westgate Expansion,Metro West,Grader,0
2022-09,S007,Westgate Expansion,Metro West,Grader,1
2022-10,S007,Westgate Expansion,Metro West,Grader,0
2022-11,S007,Westgate Expansion,Metro West,Grader,0
2022-12,S007,Westgate Expansion,Metro West,Grader,1
2023-01,S007,Westgate Expansion,Metro West,Grader,0
2023-02,S007,Westgate Expansion,Metro West,Grader,0
2023-03,S007,Westgate Expansion,Metro West,Grader,0
2023-04,S007,Westgate Expansion,Metro West,Grader,1
2023-05,S007,Westgate Expansion,Metro West,Grader,0
2023-06,S007,Westgate Expansion,Metro West,Grader,2
2023-07,S007,Westgate Expansion,Metro West,Grader,0
2023-08,S007,Westgate Expansion,Metro West,Grader,1
2023-09,S007,Westgate Expansion,Metro West,Grader,1
2023-10,S007,Westgate Expansion,Metro West,Grader,1
2023-11,S007,Westgate Expansion,Metro West,Grader,1
2023-12,S007,Westgate Expansion,Metro West,Grader,0
2024-01,S007,Westgate Expansion,Metro West,Grader,1
2024-02,S007,Westgate Expansion,Metro West,Grader,1
2024-03,S007,Westgate Expansion,Metro West,Grader,1
2024-04,S007,Westgate Expansion,Metro West,Grader,1
2024-05,S007,Westgate Expansion,Metro West,Grader,0
2024-06,S007,Westgate Expansion,Metro West,Grader,0
2024-07,S007,Westgate Expansion,Metro West,Grader,0
2024-08,S007,Westgate Expansion,Metro West,Grader,1
2024-09,S007,Westgate Expansion,Metro West,Grader,1
2024-10,S007,Westgate Expansion,Metro West,Grader,1
2024-11,S007,Westgate Expansion,Metro West,Grader,3
2024-12,S007,Westgate Expansion,Metro West,Grader,1
2025-01,S007,Westgate Expansion,Metro West,Grader,0
2025-02,S007,Westgate Expansion,Metro West,Grader,1
2025-03,S007,Westgate Expansion,Metro West,Grader,1
2025-04,S007,Westgate Expansion,Metro West,Grader,2
2025-05,S007,Westgate Expansion,Metro West,Grader,0
2025-06,S007,Westgate Expansion,Metro West,Grader,2
2025-07,S007,Westgate Expansion,Metro West,Grader,0
2025-08,S007,Westgate Expansion,Metro West,Grader,1
2025-09,S007,Westgate Expansion,Metro West,Grader,1
2025-10,S007,Westgate Expansion,Metro West,Grader,2
2025-11,S007,Westgate Expansion,Metro West,Grader,0
2025-12,S007,Westgate Expansion,Metro West,Grader,3
2026-01,S007,Westgate Expansion,Metro West,Grader,0
2026-02,S007,Westgate Expansion,Metro West,Grader,1
2026-03,S007,Westgate Expansion,Metro West,Grader,0
2026-04,S007,Westgate Expansion,Metro West,Grader,0
2026-05,S007,Westgate Expansion,Metro West,Grader,1
2026-06,S007,Westgate Expansion,Metro West,Grader,2
2026-07,S007,Westgate Expansion,Metro West,Grader,0
2021-08,S007,Westgate Expansion,Metro West,Forklift,0
2021-09,S007,Westgate Expansion,Metro West,Forklift,1
2021-10,S007,Westgate Expansion,Metro West,Forklift,2
2021-11,S007,Westgate Expansion,Metro West,Forklift,2
2021-12,S007,Westgate Expansion,Metro West,Forklift,0
2022-01,S007,Westgate Expansion,Metro West,Forklift,2
2022-02,S007,Westgate Expansion,Metro West,Forklift,0
2022-03,S007,Westgate Expansion,Metro West,Forklift,1
2022-04,S007,Westgate Expansion,Metro West,Forklift,0
2022-05,S007,Westgate Expansion,Metro West,Forklift,2
2022-06,S007,Westgate Expansion,Metro West,Forklift,0
2022-07,S007,Westgate Expansion,Metro West,Forklift,1
2022-08,S007,Westgate Expansion,Metro West,Forklift,5
2022-09,S007,Westgate Expansion,Metro West,Forklift,0
2022-10,S007,Westgate Expansion,Metro West,Forklift,0
2022-11,S007,Westgate Expansion,Metro West,Forklift,1
2022-12,S007,Westgate Expansion,Metro West,Forklift,2
2023-01,S007,Westgate Expansion,Metro West,Forklift,1
2023-02,S007,Westgate Expansion,Metro West,Forklift,1
2023-03,S007,Westgate Expansion,Metro West,Forklift,2
2023-04,S007,Westgate Expansion,Metro West,Forklift,1
2023-05,S007,Westgate Expansion,Metro West,Forklift,0
2023-06,S007,Westgate Expansion,Metro West,Forklift,0
2023-07,S007,Westgate Expansion,Metro West,Forklift,0
2023-08,S007,Westgate Expansion,Metro West,Forklift,1
2023-09,S007,Westgate Expansion,Metro West,Forklift,1
2023-10,S007,Westgate Expansion,Metro West,Forklift,1
2023-11,S007,Westgate Expansion,Metro West,Forklift,1
2023-12,S007,Westgate Expansion,Metro West,Forklift,0
2024-01,S007,Westgate Expansion,Metro West,Forklift,3
2024-02,S007,Westgate Expansion,Metro West,Forklift,0
2024-03,S007,Westgate Expansion,Metro West,Forklift,0
2024-04,S007,Westgate Expansion,Metro West,Forklift,1
2024-05,S007,Westgate Expansion,Metro West,Forklift,3
2024-06,S007,Westgate Expansion,Metro West,Forklift,0
2024-07,S007,Westgate Expansion,Metro West,Forklift,0
2024-08,S007,Westgate Expansion,Metro West,Forklift,1
2024-09,S007,Westgate Expansion,Metro West,Forklift,1
2024-10,S007,Westgate Expansion,Metro West,Forklift,3
2024-11,S007,Westgate Expansion,Metro West,Forklift,0
2024-12,S007,Westgate Expansion,Metro West,Forklift,0
2025-01,S007,Westgate Expansion,Metro West,Forklift,2
2025-02,S007,Westgate Expansion,Metro West,Forklift,2
2025-03,S007,Westgate Expansion,Metro West,Forklift,0
2025-04,S007,Westgate Expansion,Metro West,Forklift,1
2025-05,S007,Westgate Expansion,Metro West,Forklift,1
2025-06,S007,Westgate Expansion,Metro West,Forklift,0
2025-07,S007,Westgate Expansion,Metro West,Forklift,0
2025-08,S007,Westgate Expansion,Metro West,Forklift,0
2025-09,S007,Westgate Expansion,Metro West,Forklift,1
2025-10,S007,Westgate Expansion,Metro West,Forklift,1
2025-11,S007,Westgate Expansion,Metro West,Forklift,1
2025-12,S007,Westgate Expansion,Metro West,Forklift,0
2026-01,S007,Westgate Expansion,Metro West,Forklift,2
2026-02,S007,Westgate Expansion,Metro West,Forklift,2
2026-03,S007,Westgate Expansion,Metro West,Forklift,1
2026-04,S007,Westgate Expansion,Metro West,Forklift,4
2026-05,S007,Westgate Expansion,Metro West,Forklift,4
2026-06,S007,Westgate Expansion,Metro West,Forklift,3
2026-07,S007,Westgate Expansion,Metro West,Forklift,0
2021-08,S007,Westgate Expansion,Metro West,Loader,0
2021-09,S007,Westgate Expansion,Metro West,Loader,1
2021-10,S007,Westgate Expansion,Metro West,Loader,0
2021-11,S007,Westgate Expansion,Metro West,Loader,0
2021-12,S007,Westgate Expansion,Metro West,Loader,1
2022-01,S007,Westgate Expansion,Metro West,Loader,0
2022-02,S007,Westgate Expansion,Metro West,Loader,1
2022-03,S007,Westgate Expansion,Metro West,Loader,0
2022-04,S007,Westgate Expansion,Metro West,Loader,0
2022-05,S007,Westgate Expansion,Metro West,Loader,0
2022-06,S007,Westgate Expansion,Metro West,Loader,1
2022-07,S007,Westgate Expansion,Metro West,Loader,1
2022-08,S007,Westgate Expansion,Metro West,Loader,1
2022-09,S007,Westgate Expansion,Metro West,Loader,3
2022-10,S007,Westgate Expansion,Metro West,Loader,2
2022-11,S007,Westgate Expansion,Metro West,Loader,1
2022-12,S007,Westgate Expansion,Metro West,Loader,0
2023-01,S007,Westgate Expansion,Metro West,Loader,0
2023-02,S007,Westgate Expansion,Metro West,Loader,0
2023-03,S007,Westgate Expansion,Metro West,Loader,0
2023-04,S007,Westgate Expansion,Metro West,Loader,1
2023-05,S007,Westgate Expansion,Metro West,Loader,1
2023-06,S007,Westgate Expansion,Metro West,Loader,2
2023-07,S007,Westgate Expansion,Metro West,Loader,1
2023-08,S007,Westgate Expansion,Metro West,Loader,1
2023-09,S007,Westgate Expansion,Metro West,Loader,0
2023-10,S007,Westgate Expansion,Metro West,Loader,1
2023-11,S007,Westgate Expansion,Metro West,Loader,2
2023-12,S007,Westgate Expansion,Metro West,Loader,1
2024-01,S007,Westgate Expansion,Metro West,Loader,1
2024-02,S007,Westgate Expansion,Metro West,Loader,0
2024-03,S007,Westgate Expansion,Metro West,Loader,1
2024-04,S007,Westgate Expansion,Metro West,Loader,0
2024-05,S007,Westgate Expansion,Metro West,Loader,0
2024-06,S007,Westgate Expansion,Metro West,Loader,1
2024-07,S007,Westgate Expansion,Metro West,Loader,0
2024-08,S007,Westgate Expansion,Metro West,Loader,0
2024-09,S007,Westgate Expansion,Metro West,Loader,1
2024-10,S007,Westgate Expansion,Metro West,Loader,1
2024-11,S007,Westgate Expansion,Metro West,Loader,1
2024-12,S007,Westgate Expansion,Metro West,Loader,2
2025-01,S007,Westgate Expansion,Metro West,Loader,1
2025-02,S007,Westgate Expansion,Metro West,Loader,0
2025-03,S007,Westgate Expansion,Metro West,Loader,0
2025-04,S007,Westgate Expansion,Metro West,Loader,0
2025-05,S007,Westgate Expansion,Metro West,Loader,1
2025-06,S007,Westgate Expansion,Metro West,Loader,1
2025-07,S007,Westgate Expansion,Metro West,Loader,3
2025-08,S007,Westgate Expansion,Metro West,Loader,1
2025-09,S007,Westgate Expansion,Metro West,Loader,0
2025-10,S007,Westgate Expansion,Metro West,Loader,0
2025-11,S007,Westgate Expansion,Metro West,Loader,1
2025-12,S007,Westgate Expansion,Metro West,Loader,3
2026-01,S007,Westgate Expansion,Metro West,Loader,0
2026-02,S007,Westgate Expansion,Metro West,Loader,1
2026-03,S007,Westgate Expansion,Metro West,Loader,1
2026-04,S007,Westgate Expansion,Metro West,Loader,1
2026-05,S007,Westgate Expansion,Metro West,Loader,1
2026-06,S007,Westgate Expansion,Metro West,Loader,1
2026-07,S007,Westgate Expansion,Metro West,Loader,1
2021-08,S007,Westgate Expansion,Metro West,Roller,1
2021-09,S007,Westgate Expansion,Metro West,Roller,2
2021-10,S007,Westgate Expansion,Metro West,Roller,1
2021-11,S007,Westgate Expansion,Metro West,Roller,0
2021-12,S007,Westgate Expansion,Metro West,Roller,1
2022-01,S007,Westgate Expansion,Metro West,Roller,1
2022-02,S007,Westgate Expansion,Metro West,Roller,0
2022-03,S007,Westgate Expansion,Metro West,Roller,1
2022-04,S007,Westgate Expansion,Metro West,Roller,1
2022-05,S007,Westgate Expansion,Metro West,Roller,0
2022-06,S007,Westgate Expansion,Metro West,Roller,0
2022-07,S007,Westgate Expansion,Metro West,Roller,1
2022-08,S007,Westgate Expansion,Metro West,Roller,1
2022-09,S007,Westgate Expansion,Metro West,Roller,0
2022-10,S007,Westgate Expansion,Metro West,Roller,1
2022-11,S007,Westgate Expansion,Metro West,Roller,1
2022-12,S007,Westgate Expansion,Metro West,Roller,0
2023-01,S007,Westgate Expansion,Metro West,Roller,1
2023-02,S007,Westgate Expansion,Metro West,Roller,1
2023-03,S007,Westgate Expansion,Metro West,Roller,1
2023-04,S007,Westgate Expansion,Metro West,Roller,0
2023-05,S007,Westgate Expansion,Metro West,Roller,0
2023-06,S007,Westgate Expansion,Metro West,Roller,0
2023-07,S007,Westgate Expansion,Metro West,Roller,0
2023-08,S007,Westgate Expansion,Metro West,Roller,1
2023-09,S007,Westgate Expansion,Metro West,Roller,2
2023-10,S007,Westgate Expansion,Metro West,Roller,0
2023-11,S007,Westgate Expansion,Metro West,Roller,1
2023-12,S007,Westgate Expansion,Metro West,Roller,3
2024-01,S007,Westgate Expansion,Metro West,Roller,0
2024-02,S007,Westgate Expansion,Metro West,Roller,2
2024-03,S007,Westgate Expansion,Metro West,Roller,1
2024-04,S007,Westgate Expansion,Metro West,Roller,1
2024-05,S007,Westgate Expansion,Metro West,Roller,0
2024-06,S007,Westgate Expansion,Metro West,Roller,1
2024-07,S007,Westgate Expansion,Metro West,Roller,0
2024-08,S007,Westgate Expansion,Metro West,Roller,0
2024-09,S007,Westgate Expansion,Metro West,Roller,1
2024-10,S007,Westgate Expansion,Metro West,Roller,1
2024-11,S007,Westgate Expansion,Metro West,Roller,0
2024-12,S007,Westgate Expansion,Metro West,Roller,0
2025-01,S007,Westgate Expansion,Metro West,Roller,0
2025-02,S007,Westgate Expansion,Metro West,Roller,1
2025-03,S007,Westgate Expansion,Metro West,Roller,0
2025-04,S007,Westgate Expansion,Metro West,Roller,0
2025-05,S007,Westgate Expansion,Metro West,Roller,1
2025-06,S007,Westgate Expansion,Metro West,Roller,1
2025-07,S007,Westgate Expansion,Metro West,Roller,1
2025-08,S007,Westgate Expansion,Metro West,Roller,0
2025-09,S007,Westgate Expansion,Metro West,Roller,1
2025-10,S007,Westgate Expansion,Metro West,Roller,1
2025-11,S007,Westgate Expansion,Metro West,Roller,0
2025-12,S007,Westgate Expansion,Metro West,Roller,1
2026-01,S007,Westgate Expansion,Metro West,Roller,0
2026-02,S007,Westgate Expansion,Metro West,Roller,1
2026-03,S007,Westgate Expansion,Metro West,Roller,2
2026-04,S007,Westgate Expansion,Metro West,Roller,0
2026-05,S007,Westgate Expansion,Metro West,Roller,1
2026-06,S007,Westgate Expansion,Metro West,Roller,0
2026-07,S007,Westgate Expansion,Metro West,Roller,0
2021-08,S008,Harbour Terminal,Coastal,Excavator,3
2021-09,S008,Harbour Terminal,Coastal,Excavator,3
2021-10,S008,Harbour Terminal,Coastal,Excavator,2
2021-11,S008,Harbour Terminal,Coastal,Excavator,1
2021-12,S008,Harbour Terminal,Coastal,Excavator,0
2022-01,S008,Harbour Terminal,Coastal,Excavator,0
2022-02,S008,Harbour Terminal,Coastal,Excavator,1
2022-03,S008,Harbour Terminal,Coastal,Excavator,2
2022-04,S008,Harbour Terminal,Coastal,Excavator,1
2022-05,S008,Harbour Terminal,Coastal,Excavator,1
2022-06,S008,Harbour Terminal,Coastal,Excavator,0
2022-07,S008,Harbour Terminal,Coastal,Excavator,0
2022-08,S008,Harbour Terminal,Coastal,Excavator,2
2022-09,S008,Harbour Terminal,Coastal,Excavator,8
2022-10,S008,Harbour Terminal,Coastal,Excavator,3
2022-11,S008,Harbour Terminal,Coastal,Excavator,5
2022-12,S008,Harbour Terminal,Coastal,Excavator,0
2023-01,S008,Harbour Terminal,Coastal,Excavator,0
2023-02,S008,Harbour Terminal,Coastal,Excavator,0
2023-03,S008,Harbour Terminal,Coastal,Excavator,2
2023-04,S008,Harbour Terminal,Coastal,Excavator,0
2023-05,S008,Harbour Terminal,Coastal,Excavator,0
2023-06,S008,Harbour Terminal,Coastal,Excavator,3
2023-07,S008,Harbour Terminal,Coastal,Excavator,2
2023-08,S008,Harbour Terminal,Coastal,Excavator,2
2023-09,S008,Harbour Terminal,Coastal,Excavator,2
2023-10,S008,Harbour Terminal,Coastal,Excavator,2
2023-11,S008,Harbour Terminal,Coastal,Excavator,1
2023-12,S008,Harbour Terminal,Coastal,Excavator,1
2024-01,S008,Harbour Terminal,Coastal,Excavator,1
2024-02,S008,Harbour Terminal,Coastal,Excavator,0
2024-03,S008,Harbour Terminal,Coastal,Excavator,2
2024-04,S008,Harbour Terminal,Coastal,Excavator,3
2024-05,S008,Harbour Terminal,Coastal,Excavator,0
2024-06,S008,Harbour Terminal,Coastal,Excavator,1
2024-07,S008,Harbour Terminal,Coastal,Excavator,2
2024-08,S008,Harbour Terminal,Coastal,Excavator,0
2024-09,S008,Harbour Terminal,Coastal,Excavator,1
2024-10,S008,Harbour Terminal,Coastal,Excavator,0
2024-11,S008,Harbour Terminal,Coastal,Excavator,1
2024-12,S008,Harbour Terminal,Coastal,Excavator,0
2025-01,S008,Harbour Terminal,Coastal,Excavator,1
2025-02,S008,Harbour Terminal,Coastal,Excavator,0
2025-03,S008,Harbour Terminal,Coastal,Excavator,1
2025-04,S008,Harbour Terminal,Coastal,Excavator,0
2025-05,S008,Harbour Terminal,Coastal,Excavator,3
2025-06,S008,Harbour Terminal,Coastal,Excavator,0
2025-07,S008,Harbour Terminal,Coastal,Excavator,4
2025-08,S008,Harbour Terminal,Coastal,Excavator,2
2025-09,S008,Harbour Terminal,Coastal,Excavator,3
2025-10,S008,Harbour Terminal,Coastal,Excavator,1
2025-11,S008,Harbour Terminal,Coastal,Excavator,0
2025-12,S008,Harbour Terminal,Coastal,Excavator,2
2026-01,S008,Harbour Terminal,Coastal,Excavator,1
2026-02,S008,Harbour Terminal,Coastal,Excavator,1
2026-03,S008,Harbour Terminal,Coastal,Excavator,1
2026-04,S008,Harbour Terminal,Coastal,Excavator,1
2026-05,S008,Harbour Terminal,Coastal,Excavator,0
2026-06,S008,Harbour Terminal,Coastal,Excavator,2
2026-07,S008,Harbour Terminal,Coastal,Excavator,1
2021-08,S008,Harbour Terminal,Coastal,Bulldozer,1
2021-09,S008,Harbour Terminal,Coastal,Bulldozer,2
2021-10,S008,Harbour Terminal,Coastal,Bulldozer,0
2021-11,S008,Harbour Terminal,Coastal,Bulldozer,0
2021-12,S008,Harbour Terminal,Coastal,Bulldozer,1
2022-01,S008,Harbour Terminal,Coastal,Bulldozer,0
2022-02,S008,Harbour Terminal,Coastal,Bulldozer,2
2022-03,S008,Harbour Terminal,Coastal,Bulldozer,0
2022-04,S008,Harbour Terminal,Coastal,Bulldozer,0
2022-05,S008,Harbour Terminal,Coastal,Bulldozer,0
2022-06,S008,Harbour Terminal,Coastal,Bulldozer,1
2022-07,S008,Harbour Terminal,Coastal,Bulldozer,1
2022-08,S008,Harbour Terminal,Coastal,Bulldozer,2
2022-09,S008,Harbour Terminal,Coastal,Bulldozer,2
2022-10,S008,Harbour Terminal,Coastal,Bulldozer,1
2022-11,S008,Harbour Terminal,Coastal,Bulldozer,2
2022-12,S008,Harbour Terminal,Coastal,Bulldozer,2
2023-01,S008,Harbour Terminal,Coastal,Bulldozer,0
2023-02,S008,Harbour Terminal,Coastal,Bulldozer,0
2023-03,S008,Harbour Terminal,Coastal,Bulldozer,0
2023-04,S008,Harbour Terminal,Coastal,Bulldozer,1
2023-05,S008,Harbour Terminal,Coastal,Bulldozer,0
2023-06,S008,Harbour Terminal,Coastal,Bulldozer,0
2023-07,S008,Harbour Terminal,Coastal,Bulldozer,1
2023-08,S008,Harbour Terminal,Coastal,Bulldozer,0
2023-09,S008,Harbour Terminal,Coastal,Bulldozer,1
2023-10,S008,Harbour Terminal,Coastal,Bulldozer,0
2023-11,S008,Harbour Terminal,Coastal,Bulldozer,3
2023-12,S008,Harbour Terminal,Coastal,Bulldozer,0
2024-01,S008,Harbour Terminal,Coastal,Bulldozer,2
2024-02,S008,Harbour Terminal,Coastal,Bulldozer,0
2024-03,S008,Harbour Terminal,Coastal,Bulldozer,0
2024-04,S008,Harbour Terminal,Coastal,Bulldozer,1
2024-05,S008,Harbour Terminal,Coastal,Bulldozer,0
2024-06,S008,Harbour Terminal,Coastal,Bulldozer,2
2024-07,S008,Harbour Terminal,Coastal,Bulldozer,1
2024-08,S008,Harbour Terminal,Coastal,Bulldozer,1
2024-09,S008,Harbour Terminal,Coastal,Bulldozer,0
2024-10,S008,Harbour Terminal,Coastal,Bulldozer,0
2024-11,S008,Harbour Terminal,Coastal,Bulldozer,1
2024-12,S008,Harbour Terminal,Coastal,Bulldozer,1
2025-01,S008,Harbour Terminal,Coastal,Bulldozer,0
2025-02,S008,Harbour Terminal,Coastal,Bulldozer,1
2025-03,S008,Harbour Terminal,Coastal,Bulldozer,0
2025-04,S008,Harbour Terminal,Coastal,Bulldozer,0
2025-05,S008,Harbour Terminal,Coastal,Bulldozer,0
2025-06,S008,Harbour Terminal,Coastal,Bulldozer,1
2025-07,S008,Harbour Terminal,Coastal,Bulldozer,0
2025-08,S008,Harbour Terminal,Coastal,Bulldozer,0
2025-09,S008,Harbour Terminal,Coastal,Bulldozer,0
2025-10,S008,Harbour Terminal,Coastal,Bulldozer,0
2025-11,S008,Harbour Terminal,Coastal,Bulldozer,1
2025-12,S008,Harbour Terminal,Coastal,Bulldozer,2
2026-01,S008,Harbour Terminal,Coastal,Bulldozer,1
2026-02,S008,Harbour Terminal,Coastal,Bulldozer,1
2026-03,S008,Harbour Terminal,Coastal,Bulldozer,0
2026-04,S008,Harbour Terminal,Coastal,Bulldozer,0
2026-05,S008,Harbour Terminal,Coastal,Bulldozer,1
2026-06,S008,Harbour Terminal,Coastal,Bulldozer,1
2026-07,S008,Harbour Terminal,Coastal,Bulldozer,0
2021-08,S008,Harbour Terminal,Coastal,Crane,1
2021-09,S008,Harbour Terminal,Coastal,Crane,0
2021-10,S008,Harbour Terminal,Coastal,Crane,0
2021-11,S008,Harbour Terminal,Coastal,Crane,1
2021-12,S008,Harbour Terminal,Coastal,Crane,2
2022-01,S008,Harbour Terminal,Coastal,Crane,0
2022-02,S008,Harbour Terminal,Coastal,Crane,0
2022-03,S008,Harbour Terminal,Coastal,Crane,2
2022-04,S008,Harbour Terminal,Coastal,Crane,0
2022-05,S008,Harbour Terminal,Coastal,Crane,0
2022-06,S008,Harbour Terminal,Coastal,Crane,0
2022-07,S008,Harbour Terminal,Coastal,Crane,1
2022-08,S008,Harbour Terminal,Coastal,Crane,2
2022-09,S008,Harbour Terminal,Coastal,Crane,1
2022-10,S008,Harbour Terminal,Coastal,Crane,0
2022-11,S008,Harbour Terminal,Coastal,Crane,4
2022-12,S008,Harbour Terminal,Coastal,Crane,1
2023-01,S008,Harbour Terminal,Coastal,Crane,1
2023-02,S008,Harbour Terminal,Coastal,Crane,0
2023-03,S008,Harbour Terminal,Coastal,Crane,0
2023-04,S008,Harbour Terminal,Coastal,Crane,0
2023-05,S008,Harbour Terminal,Coastal,Crane,1
2023-06,S008,Harbour Terminal,Coastal,Crane,0
2023-07,S008,Harbour Terminal,Coastal,Crane,1
2023-08,S008,Harbour Terminal,Coastal,Crane,2
2023-09,S008,Harbour Terminal,Coastal,Crane,0
2023-10,S008,Harbour Terminal,Coastal,Crane,4
2023-11,S008,Harbour Terminal,Coastal,Crane,0
2023-12,S008,Harbour Terminal,Coastal,Crane,1
2024-01,S008,Harbour Terminal,Coastal,Crane,3
2024-02,S008,Harbour Terminal,Coastal,Crane,1
2024-03,S008,Harbour Terminal,Coastal,Crane,0
2024-04,S008,Harbour Terminal,Coastal,Crane,0
2024-05,S008,Harbour Terminal,Coastal,Crane,2
2024-06,S008,Harbour Terminal,Coastal,Crane,0
2024-07,S008,Harbour Terminal,Coastal,Crane,0
2024-08,S008,Harbour Terminal,Coastal,Crane,1
2024-09,S008,Harbour Terminal,Coastal,Crane,1
2024-10,S008,Harbour Terminal,Coastal,Crane,1
2024-11,S008,Harbour Terminal,Coastal,Crane,0
2024-12,S008,Harbour Terminal,Coastal,Crane,1
2025-01,S008,Harbour Terminal,Coastal,Crane,1
2025-02,S008,Harbour Terminal,Coastal,Crane,1
2025-03,S008,Harbour Terminal,Coastal,Crane,0
2025-04,S008,Harbour Terminal,Coastal,Crane,2
2025-05,S008,Harbour Terminal,Coastal,Crane,1
2025-06,S008,Harbour Terminal,Coastal,Crane,0
2025-07,S008,Harbour Terminal,Coastal,Crane,0
2025-08,S008,Harbour Terminal,Coastal,Crane,3
2025-09,S008,Harbour Terminal,Coastal,Crane,0
2025-10,S008,Harbour Terminal,Coastal,Crane,1
2025-11,S008,Harbour Terminal,Coastal,Crane,0
2025-12,S008,Harbour Terminal,Coastal,Crane,1
2026-01,S008,Harbour Terminal,Coastal,Crane,0
2026-02,S008,Harbour Terminal,Coastal,Crane,0
2026-03,S008,Harbour Terminal,Coastal,Crane,0
2026-04,S008,Harbour Terminal,Coastal,Crane,1
2026-05,S008,Harbour Terminal,Coastal,Crane,0
2026-06,S008,Harbour Terminal,Coastal,Crane,0
2026-07,S008,Harbour Terminal,Coastal,Crane,1
2021-08,S008,Harbour Terminal,Coastal,Grader,1
2021-09,S008,Harbour Terminal,Coastal,Grader,0
2021-10,S008,Harbour Terminal,Coastal,Grader,0
2021-11,S008,Harbour Terminal,Coastal,Grader,0
2021-12,S008,Harbour Terminal,Coastal,Grader,0
2022-01,S008,Harbour Terminal,Coastal,Grader,0
2022-02,S008,Harbour Terminal,Coastal,Grader,0
2022-03,S008,Harbour Terminal,Coastal,Grader,0
2022-04,S008,Harbour Terminal,Coastal,Grader,0
2022-05,S008,Harbour Terminal,Coastal,Grader,0
2022-06,S008,Harbour Terminal,Coastal,Grader,1
2022-07,S008,Harbour Terminal,Coastal,Grader,0
2022-08,S008,Harbour Terminal,Coastal,Grader,1
2022-09,S008,Harbour Terminal,Coastal,Grader,1
2022-10,S008,Harbour Terminal,Coastal,Grader,0
2022-11,S008,Harbour Terminal,Coastal,Grader,0
2022-12,S008,Harbour Terminal,Coastal,Grader,0
2023-01,S008,Harbour Terminal,Coastal,Grader,0
2023-02,S008,Harbour Terminal,Coastal,Grader,0
2023-03,S008,Harbour Terminal,Coastal,Grader,0
2023-04,S008,Harbour Terminal,Coastal,Grader,0
2023-05,S008,Harbour Terminal,Coastal,Grader,1
2023-06,S008,Harbour Terminal,Coastal,Grader,1
2023-07,S008,Harbour Terminal,Coastal,Grader,1
2023-08,S008,Harbour Terminal,Coastal,Grader,1
2023-09,S008,Harbour Terminal,Coastal,Grader,0
2023-10,S008,Harbour Terminal,Coastal,Grader,0
2023-11,S008,Harbour Terminal,Coastal,Grader,1
2023-12,S008,Harbour Terminal,Coastal,Grader,1
2024-01,S008,Harbour Terminal,Coastal,Grader,0
2024-02,S008,Harbour Terminal,Coastal,Grader,1
2024-03,S008,Harbour Terminal,Coastal,Grader,1
2024-04,S008,Harbour Terminal,Coastal,Grader,1
2024-05,S008,Harbour Terminal,Coastal,Grader,0
2024-06,S008,Harbour Terminal,Coastal,Grader,0
2024-07,S008,Harbour Terminal,Coastal,Grader,1
2024-08,S008,Harbour Terminal,Coastal,Grader,0
2024-09,S008,Harbour Terminal,Coastal,Grader,0
2024-10,S008,Harbour Terminal,Coastal,Grader,0
2024-11,S008,Harbour Terminal,Coastal,Grader,3
2024-12,S008,Harbour Terminal,Coastal,Grader,0
2025-01,S008,Harbour Terminal,Coastal,Grader,0
2025-02,S008,Harbour Terminal,Coastal,Grader,0
2025-03,S008,Harbour Terminal,Coastal,Grader,0
2025-04,S008,Harbour Terminal,Coastal,Grader,0
2025-05,S008,Harbour Terminal,Coastal,Grader,0
2025-06,S008,Harbour Terminal,Coastal,Grader,0
2025-07,S008,Harbour Terminal,Coastal,Grader,1
2025-08,S008,Harbour Terminal,Coastal,Grader,0
2025-09,S008,Harbour Terminal,Coastal,Grader,1
2025-10,S008,Harbour Terminal,Coastal,Grader,0
2025-11,S008,Harbour Terminal,Coastal,Grader,1
2025-12,S008,Harbour Terminal,Coastal,Grader,0
2026-01,S008,Harbour Terminal,Coastal,Grader,0
2026-02,S008,Harbour Terminal,Coastal,Grader,0
2026-03,S008,Harbour Terminal,Coastal,Grader,0
2026-04,S008,Harbour Terminal,Coastal,Grader,0
2026-05,S008,Harbour Terminal,Coastal,Grader,0
2026-06,S008,Harbour Terminal,Coastal,Grader,0
2026-07,S008,Harbour Terminal,Coastal,Grader,2
2021-08,S008,Harbour Terminal,Coastal,Forklift,0
2021-09,S008,Harbour Terminal,Coastal,Forklift,2
2021-10,S008,Harbour Terminal,Coastal,Forklift,0
2021-11,S008,Harbour Terminal,Coastal,Forklift,1
2021-12,S008,Harbour Terminal,Coastal,Forklift,2
2022-01,S008,Harbour Terminal,Coastal,Forklift,3
2022-02,S008,Harbour Terminal,Coastal,Forklift,2
2022-03,S008,Harbour Terminal,Coastal,Forklift,0
2022-04,S008,Harbour Terminal,Coastal,Forklift,1
2022-05,S008,Harbour Terminal,Coastal,Forklift,2
2022-06,S008,Harbour Terminal,Coastal,Forklift,2
2022-07,S008,Harbour Terminal,Coastal,Forklift,0
2022-08,S008,Harbour Terminal,Coastal,Forklift,1
2022-09,S008,Harbour Terminal,Coastal,Forklift,0
2022-10,S008,Harbour Terminal,Coastal,Forklift,2
2022-11,S008,Harbour Terminal,Coastal,Forklift,2
2022-12,S008,Harbour Terminal,Coastal,Forklift,0
2023-01,S008,Harbour Terminal,Coastal,Forklift,1
2023-02,S008,Harbour Terminal,Coastal,Forklift,0
2023-03,S008,Harbour Terminal,Coastal,Forklift,4
2023-04,S008,Harbour Terminal,Coastal,Forklift,1
2023-05,S008,Harbour Terminal,Coastal,Forklift,3
2023-06,S008,Harbour Terminal,Coastal,Forklift,0
2023-07,S008,Harbour Terminal,Coastal,Forklift,2
2023-08,S008,Harbour Terminal,Coastal,Forklift,0
2023-09,S008,Harbour Terminal,Coastal,Forklift,0
2023-10,S008,Harbour Terminal,Coastal,Forklift,0
2023-11,S008,Harbour Terminal,Coastal,Forklift,1
2023-12,S008,Harbour Terminal,Coastal,Forklift,1
2024-01,S008,Harbour Terminal,Coastal,Forklift,2
2024-02,S008,Harbour Terminal,Coastal,Forklift,1
2024-03,S008,Harbour Terminal,Coastal,Forklift,0
2024-04,S008,Harbour Terminal,Coastal,Forklift,2
2024-05,S008,Harbour Terminal,Coastal,Forklift,0
2024-06,S008,Harbour Terminal,Coastal,Forklift,0
2024-07,S008,Harbour Terminal,Coastal,Forklift,1
2024-08,S008,Harbour Terminal,Coastal,Forklift,3
2024-09,S008,Harbour Terminal,Coastal,Forklift,1
2024-10,S008,Harbour Terminal,Coastal,Forklift,0
2024-11,S008,Harbour Terminal,Coastal,Forklift,2
2024-12,S008,Harbour Terminal,Coastal,Forklift,1
2025-01,S008,Harbour Terminal,Coastal,Forklift,1
2025-02,S008,Harbour Terminal,Coastal,Forklift,1
2025-03,S008,Harbour Terminal,Coastal,Forklift,3
2025-04,S008,Harbour Terminal,Coastal,Forklift,2
2025-05,S008,Harbour Terminal,Coastal,Forklift,1
2025-06,S008,Harbour Terminal,Coastal,Forklift,2
2025-07,S008,Harbour Terminal,Coastal,Forklift,4
2025-08,S008,Harbour Terminal,Coastal,Forklift,4
2025-09,S008,Harbour Terminal,Coastal,Forklift,1
2025-10,S008,Harbour Terminal,Coastal,Forklift,1
2025-11,S008,Harbour Terminal,Coastal,Forklift,1
2025-12,S008,Harbour Terminal,Coastal,Forklift,2
2026-01,S008,Harbour Terminal,Coastal,Forklift,3
2026-02,S008,Harbour Terminal,Coastal,Forklift,1
2026-03,S008,Harbour Terminal,Coastal,Forklift,1
2026-04,S008,Harbour Terminal,Coastal,Forklift,2
2026-05,S008,Harbour Terminal,Coastal,Forklift,4
2026-06,S008,Harbour Terminal,Coastal,Forklift,2
2026-07,S008,Harbour Terminal,Coastal,Forklift,2
2021-08,S008,Harbour Terminal,Coastal,Loader,0
2021-09,S008,Harbour Terminal,Coastal,Loader,2
2021-10,S008,Harbour Terminal,Coastal,Loader,0
2021-11,S008,Harbour Terminal,Coastal,Loader,1
2021-12,S008,Harbour Terminal,Coastal,Loader,0
2022-01,S008,Harbour Terminal,Coastal,Loader,0
2022-02,S008,Harbour Terminal,Coastal,Loader,0
2022-03,S008,Harbour Terminal,Coastal,Loader,0
2022-04,S008,Harbour Terminal,Coastal,Loader,0
2022-05,S008,Harbour Terminal,Coastal,Loader,0
2022-06,S008,Harbour Terminal,Coastal,Loader,2
2022-07,S008,Harbour Terminal,Coastal,Loader,0
2022-08,S008,Harbour Terminal,Coastal,Loader,1
2022-09,S008,Harbour Terminal,Coastal,Loader,0
2022-10,S008,Harbour Terminal,Coastal,Loader,1
2022-11,S008,Harbour Terminal,Coastal,Loader,2
2022-12,S008,Harbour Terminal,Coastal,Loader,1
2023-01,S008,Harbour Terminal,Coastal,Loader,0
2023-02,S008,Harbour Terminal,Coastal,Loader,0
2023-03,S008,Harbour Terminal,Coastal,Loader,1
2023-04,S008,Harbour Terminal,Coastal,Loader,0
2023-05,S008,Harbour Terminal,Coastal,Loader,0
2023-06,S008,Harbour Terminal,Coastal,Loader,0
2023-07,S008,Harbour Terminal,Coastal,Loader,0
2023-08,S008,Harbour Terminal,Coastal,Loader,1
2023-09,S008,Harbour Terminal,Coastal,Loader,2
2023-10,S008,Harbour Terminal,Coastal,Loader,2
2023-11,S008,Harbour Terminal,Coastal,Loader,0
2023-12,S008,Harbour Terminal,Coastal,Loader,1
2024-01,S008,Harbour Terminal,Coastal,Loader,0
2024-02,S008,Harbour Terminal,Coastal,Loader,0
2024-03,S008,Harbour Terminal,Coastal,Loader,0
2024-04,S008,Harbour Terminal,Coastal,Loader,0
2024-05,S008,Harbour Terminal,Coastal,Loader,1
2024-06,S008,Harbour Terminal,Coastal,Loader,0
2024-07,S008,Harbour Terminal,Coastal,Loader,1
2024-08,S008,Harbour Terminal,Coastal,Loader,0
2024-09,S008,Harbour Terminal,Coastal,Loader,3
2024-10,S008,Harbour Terminal,Coastal,Loader,1
2024-11,S008,Harbour Terminal,Coastal,Loader,1
2024-12,S008,Harbour Terminal,Coastal,Loader,0
2025-01,S008,Harbour Terminal,Coastal,Loader,0
2025-02,S008,Harbour Terminal,Coastal,Loader,0
2025-03,S008,Harbour Terminal,Coastal,Loader,0
2025-04,S008,Harbour Terminal,Coastal,Loader,0
2025-05,S008,Harbour Terminal,Coastal,Loader,0
2025-06,S008,Harbour Terminal,Coastal,Loader,0
2025-07,S008,Harbour Terminal,Coastal,Loader,2
2025-08,S008,Harbour Terminal,Coastal,Loader,1
2025-09,S008,Harbour Terminal,Coastal,Loader,1
2025-10,S008,Harbour Terminal,Coastal,Loader,1
2025-11,S008,Harbour Terminal,Coastal,Loader,0
2025-12,S008,Harbour Terminal,Coastal,Loader,0
2026-01,S008,Harbour Terminal,Coastal,Loader,3
2026-02,S008,Harbour Terminal,Coastal,Loader,0
2026-03,S008,Harbour Terminal,Coastal,Loader,1
2026-04,S008,Harbour Terminal,Coastal,Loader,1
2026-05,S008,Harbour Terminal,Coastal,Loader,2
2026-06,S008,Harbour Terminal,Coastal,Loader,0
2026-07,S008,Harbour Terminal,Coastal,Loader,3
2021-08,S008,Harbour Terminal,Coastal,Roller,0
2021-09,S008,Harbour Terminal,Coastal,Roller,1
2021-10,S008,Harbour Terminal,Coastal,Roller,0
2021-11,S008,Harbour Terminal,Coastal,Roller,1
2021-12,S008,Harbour Terminal,Coastal,Roller,0
2022-01,S008,Harbour Terminal,Coastal,Roller,0
2022-02,S008,Harbour Terminal,Coastal,Roller,1
2022-03,S008,Harbour Terminal,Coastal,Roller,0
2022-04,S008,Harbour Terminal,Coastal,Roller,0
2022-05,S008,Harbour Terminal,Coastal,Roller,0
2022-06,S008,Harbour Terminal,Coastal,Roller,0
2022-07,S008,Harbour Terminal,Coastal,Roller,0
2022-08,S008,Harbour Terminal,Coastal,Roller,1
2022-09,S008,Harbour Terminal,Coastal,Roller,0
2022-10,S008,Harbour Terminal,Coastal,Roller,0
2022-11,S008,Harbour Terminal,Coastal,Roller,2
2022-12,S008,Harbour Terminal,Coastal,Roller,0
2023-01,S008,Harbour Terminal,Coastal,Roller,0
2023-02,S008,Harbour Terminal,Coastal,Roller,0
2023-03,S008,Harbour Terminal,Coastal,Roller,0
2023-04,S008,Harbour Terminal,Coastal,Roller,0
2023-05,S008,Harbour Terminal,Coastal,Roller,0
2023-06,S008,Harbour Terminal,Coastal,Roller,0
2023-07,S008,Harbour Terminal,Coastal,Roller,0
2023-08,S008,Harbour Terminal,Coastal,Roller,1
2023-09,S008,Harbour Terminal,Coastal,Roller,1
2023-10,S008,Harbour Terminal,Coastal,Roller,1
2023-11,S008,Harbour Terminal,Coastal,Roller,0
2023-12,S008,Harbour Terminal,Coastal,Roller,0
2024-01,S008,Harbour Terminal,Coastal,Roller,1
2024-02,S008,Harbour Terminal,Coastal,Roller,0
2024-03,S008,Harbour Terminal,Coastal,Roller,0
2024-04,S008,Harbour Terminal,Coastal,Roller,1
2024-05,S008,Harbour Terminal,Coastal,Roller,1
2024-06,S008,Harbour Terminal,Coastal,Roller,0
2024-07,S008,Harbour Terminal,Coastal,Roller,1
2024-08,S008,Harbour Terminal,Coastal,Roller,0
2024-09,S008,Harbour Terminal,Coastal,Roller,2
2024-10,S008,Harbour Terminal,Coastal,Roller,1
2024-11,S008,Harbour Terminal,Coastal,Roller,1
2024-12,S008,Harbour Terminal,Coastal,Roller,0
2025-01,S008,Harbour Terminal,Coastal,Roller,2
2025-02,S008,Harbour Terminal,Coastal,Roller,0
2025-03,S008,Harbour Terminal,Coastal,Roller,0
2025-04,S008,Harbour Terminal,Coastal,Roller,0
2025-05,S008,Harbour Terminal,Coastal,Roller,0
2025-06,S008,Harbour Terminal,Coastal,Roller,1
2025-07,S008,Harbour Terminal,Coastal,Roller,0
2025-08,S008,Harbour Terminal,Coastal,Roller,0
2025-09,S008,Harbour Terminal,Coastal,Roller,1
2025-10,S008,Harbour Terminal,Coastal,Roller,0
2025-11,S008,Harbour Terminal,Coastal,Roller,0
2025-12,S008,Harbour Terminal,Coastal,Roller,1
2026-01,S008,Harbour Terminal,Coastal,Roller,0
2026-02,S008,Harbour Terminal,Coastal,Roller,1
2026-03,S008,Harbour Terminal,Coastal,Roller,2
2026-04,S008,Harbour Terminal,Coastal,Roller,0
2026-05,S008,Harbour Terminal,Coastal,Roller,0
2026-06,S008,Harbour Terminal,Coastal,Roller,0
2026-07,S008,Harbour Terminal,Coastal,Roller,0
2021-08,S009,Ridgeline Tunnel,Highlands,Excavator,1
2021-09,S009,Ridgeline Tunnel,Highlands,Excavator,0
2021-10,S009,Ridgeline Tunnel,Highlands,Excavator,2
2021-11,S009,Ridgeline Tunnel,Highlands,Excavator,1
2021-12,S009,Ridgeline Tunnel,Highlands,Excavator,0
2022-01,S009,Ridgeline Tunnel,Highlands,Excavator,0
2022-02,S009,Ridgeline Tunnel,Highlands,Excavator,1
2022-03,S009,Ridgeline Tunnel,Highlands,Excavator,0
2022-04,S009,Ridgeline Tunnel,Highlands,Excavator,0
2022-05,S009,Ridgeline Tunnel,Highlands,Excavator,0
2022-06,S009,Ridgeline Tunnel,Highlands,Excavator,1
2022-07,S009,Ridgeline Tunnel,Highlands,Excavator,3
2022-08,S009,Ridgeline Tunnel,Highlands,Excavator,5
2022-09,S009,Ridgeline Tunnel,Highlands,Excavator,2
2022-10,S009,Ridgeline Tunnel,Highlands,Excavator,1
2022-11,S009,Ridgeline Tunnel,Highlands,Excavator,2
2022-12,S009,Ridgeline Tunnel,Highlands,Excavator,1
2023-01,S009,Ridgeline Tunnel,Highlands,Excavator,0
2023-02,S009,Ridgeline Tunnel,Highlands,Excavator,3
2023-03,S009,Ridgeline Tunnel,Highlands,Excavator,1
2023-04,S009,Ridgeline Tunnel,Highlands,Excavator,3
2023-05,S009,Ridgeline Tunnel,Highlands,Excavator,2
2023-06,S009,Ridgeline Tunnel,Highlands,Excavator,0
2023-07,S009,Ridgeline Tunnel,Highlands,Excavator,1
2023-08,S009,Ridgeline Tunnel,Highlands,Excavator,2
2023-09,S009,Ridgeline Tunnel,Highlands,Excavator,5
2023-10,S009,Ridgeline Tunnel,Highlands,Excavator,1
2023-11,S009,Ridgeline Tunnel,Highlands,Excavator,3
2023-12,S009,Ridgeline Tunnel,Highlands,Excavator,0
2024-01,S009,Ridgeline Tunnel,Highlands,Excavator,4
2024-02,S009,Ridgeline Tunnel,Highlands,Excavator,0
2024-03,S009,Ridgeline Tunnel,Highlands,Excavator,1
2024-04,S009,Ridgeline Tunnel,Highlands,Excavator,0
2024-05,S009,Ridgeline Tunnel,Highlands,Excavator,1
2024-06,S009,Ridgeline Tunnel,Highlands,Excavator,2
2024-07,S009,Ridgeline Tunnel,Highlands,Excavator,0
2024-08,S009,Ridgeline Tunnel,Highlands,Excavator,0
2024-09,S009,Ridgeline Tunnel,Highlands,Excavator,0
2024-10,S009,Ridgeline Tunnel,Highlands,Excavator,0
2024-11,S009,Ridgeline Tunnel,Highlands,Excavator,0
2024-12,S009,Ridgeline Tunnel,Highlands,Excavator,1
2025-01,S009,Ridgeline Tunnel,Highlands,Excavator,2
2025-02,S009,Ridgeline Tunnel,Highlands,Excavator,1
2025-03,S009,Ridgeline Tunnel,Highlands,Excavator,0
2025-04,S009,Ridgeline Tunnel,Highlands,Excavator,1
2025-05,S009,Ridgeline Tunnel,Highlands,Excavator,1
2025-06,S009,Ridgeline Tunnel,Highlands,Excavator,2
2025-07,S009,Ridgeline Tunnel,Highlands,Excavator,0
2025-08,S009,Ridgeline Tunnel,Highlands,Excavator,2
2025-09,S009,Ridgeline Tunnel,Highlands,Excavator,2
2025-10,S009,Ridgeline Tunnel,Highlands,Excavator,2
2025-11,S009,Ridgeline Tunnel,Highlands,Excavator,3
2025-12,S009,Ridgeline Tunnel,Highlands,Excavator,1
2026-01,S009,Ridgeline Tunnel,Highlands,Excavator,0
2026-02,S009,Ridgeline Tunnel,Highlands,Excavator,0
2026-03,S009,Ridgeline Tunnel,Highlands,Excavator,0
2026-04,S009,Ridgeline Tunnel,Highlands,Excavator,2
2026-05,S009,Ridgeline Tunnel,Highlands,Excavator,0
2026-06,S009,Ridgeline Tunnel,Highlands,Excavator,2
2026-07,S009,Ridgeline Tunnel,Highlands,Excavator,2
2021-08,S009,Ridgeline Tunnel,Highlands,Bulldozer,2
2021-09,S009,Ridgeline Tunnel,Highlands,Bulldozer,1
2021-10,S009,Ridgeline Tunnel,Highlands,Bulldozer,2
2021-11,S009,Ridgeline Tunnel,Highlands,Bulldozer,0
2021-12,S009,Ridgeline Tunnel,Highlands,Bulldozer,0
2022-01,S009,Ridgeline Tunnel,Highlands,Bulldozer,0
2022-02,S009,Ridgeline Tunnel,Highlands,Bulldozer,1
2022-03,S009,Ridgeline Tunnel,Highlands,Bulldozer,0
2022-04,S009,Ridgeline Tunnel,Highlands,Bulldozer,2
2022-05,S009,Ridgeline Tunnel,Highlands,Bulldozer,2
2022-06,S009,Ridgeline Tunnel,Highlands,Bulldozer,0
2022-07,S009,Ridgeline Tunnel,Highlands,Bulldozer,0
2022-08,S009,Ridgeline Tunnel,Highlands,Bulldozer,1
2022-09,S009,Ridgeline Tunnel,Highlands,Bulldozer,1
2022-10,S009,Ridgeline Tunnel,Highlands,Bulldozer,0
2022-11,S009,Ridgeline Tunnel,Highlands,Bulldozer,0
2022-12,S009,Ridgeline Tunnel,Highlands,Bulldozer,0
2023-01,S009,Ridgeline Tunnel,Highlands,Bulldozer,0
2023-02,S009,Ridgeline Tunnel,Highlands,Bulldozer,1
2023-03,S009,Ridgeline Tunnel,Highlands,Bulldozer,0
2023-04,S009,Ridgeline Tunnel,Highlands,Bulldozer,3
2023-05,S009,Ridgeline Tunnel,Highlands,Bulldozer,0
2023-06,S009,Ridgeline Tunnel,Highlands,Bulldozer,0
2023-07,S009,Ridgeline Tunnel,Highlands,Bulldozer,3
2023-08,S009,Ridgeline Tunnel,Highlands,Bulldozer,0
2023-09,S009,Ridgeline Tunnel,Highlands,Bulldozer,1
2023-10,S009,Ridgeline Tunnel,Highlands,Bulldozer,0
2023-11,S009,Ridgeline Tunnel,Highlands,Bulldozer,2
2023-12,S009,Ridgeline Tunnel,Highlands,Bulldozer,0
2024-01,S009,Ridgeline Tunnel,Highlands,Bulldozer,1
2024-02,S009,Ridgeline Tunnel,Highlands,Bulldozer,2
2024-03,S009,Ridgeline Tunnel,Highlands,Bulldozer,0
2024-04,S009,Ridgeline Tunnel,Highlands,Bulldozer,2
2024-05,S009,Ridgeline Tunnel,Highlands,Bulldozer,0
2024-06,S009,Ridgeline Tunnel,Highlands,Bulldozer,1
2024-07,S009,Ridgeline Tunnel,Highlands,Bulldozer,2
2024-08,S009,Ridgeline Tunnel,Highlands,Bulldozer,1
2024-09,S009,Ridgeline Tunnel,Highlands,Bulldozer,1
2024-10,S009,Ridgeline Tunnel,Highlands,Bulldozer,1
2024-11,S009,Ridgeline Tunnel,Highlands,Bulldozer,1
2024-12,S009,Ridgeline Tunnel,Highlands,Bulldozer,1
2025-01,S009,Ridgeline Tunnel,Highlands,Bulldozer,2
2025-02,S009,Ridgeline Tunnel,Highlands,Bulldozer,1
2025-03,S009,Ridgeline Tunnel,Highlands,Bulldozer,1
2025-04,S009,Ridgeline Tunnel,Highlands,Bulldozer,0
2025-05,S009,Ridgeline Tunnel,Highlands,Bulldozer,0
2025-06,S009,Ridgeline Tunnel,Highlands,Bulldozer,0
2025-07,S009,Ridgeline Tunnel,Highlands,Bulldozer,1
2025-08,S009,Ridgeline Tunnel,Highlands,Bulldozer,0
2025-09,S009,Ridgeline Tunnel,Highlands,Bulldozer,3
2025-10,S009,Ridgeline Tunnel,Highlands,Bulldozer,2
2025-11,S009,Ridgeline Tunnel,Highlands,Bulldozer,0
2025-12,S009,Ridgeline Tunnel,Highlands,Bulldozer,1
2026-01,S009,Ridgeline Tunnel,Highlands,Bulldozer,1
2026-02,S009,Ridgeline Tunnel,Highlands,Bulldozer,1
2026-03,S009,Ridgeline Tunnel,Highlands,Bulldozer,1
2026-04,S009,Ridgeline Tunnel,Highlands,Bulldozer,2
2026-05,S009,Ridgeline Tunnel,Highlands,Bulldozer,0
2026-06,S009,Ridgeline Tunnel,Highlands,Bulldozer,0
2026-07,S009,Ridgeline Tunnel,Highlands,Bulldozer,1
2021-08,S009,Ridgeline Tunnel,Highlands,Crane,0
2021-09,S009,Ridgeline Tunnel,Highlands,Crane,1
2021-10,S009,Ridgeline Tunnel,Highlands,Crane,0
2021-11,S009,Ridgeline Tunnel,Highlands,Crane,1
2021-12,S009,Ridgeline Tunnel,Highlands,Crane,2
2022-01,S009,Ridgeline Tunnel,Highlands,Crane,0
2022-02,S009,Ridgeline Tunnel,Highlands,Crane,0
2022-03,S009,Ridgeline Tunnel,Highlands,Crane,1
2022-04,S009,Ridgeline Tunnel,Highlands,Crane,0
2022-05,S009,Ridgeline Tunnel,Highlands,Crane,0
2022-06,S009,Ridgeline Tunnel,Highlands,Crane,2
2022-07,S009,Ridgeline Tunnel,Highlands,Crane,0
2022-08,S009,Ridgeline Tunnel,Highlands,Crane,0
2022-09,S009,Ridgeline Tunnel,Highlands,Crane,0
2022-10,S009,Ridgeline Tunnel,Highlands,Crane,0
2022-11,S009,Ridgeline Tunnel,Highlands,Crane,0
2022-12,S009,Ridgeline Tunnel,Highlands,Crane,0
2023-01,S009,Ridgeline Tunnel,Highlands,Crane,0
2023-02,S009,Ridgeline Tunnel,Highlands,Crane,0
2023-03,S009,Ridgeline Tunnel,Highlands,Crane,0
2023-04,S009,Ridgeline Tunnel,Highlands,Crane,0
2023-05,S009,Ridgeline Tunnel,Highlands,Crane,0
2023-06,S009,Ridgeline Tunnel,Highlands,Crane,0
2023-07,S009,Ridgeline Tunnel,Highlands,Crane,0
2023-08,S009,Ridgeline Tunnel,Highlands,Crane,0
2023-09,S009,Ridgeline Tunnel,Highlands,Crane,0
2023-10,S009,Ridgeline Tunnel,Highlands,Crane,0
2023-11,S009,Ridgeline Tunnel,Highlands,Crane,2
2023-12,S009,Ridgeline Tunnel,Highlands,Crane,0
2024-01,S009,Ridgeline Tunnel,Highlands,Crane,0
2024-02,S009,Ridgeline Tunnel,Highlands,Crane,0
2024-03,S009,Ridgeline Tunnel,Highlands,Crane,0
2024-04,S009,Ridgeline Tunnel,Highlands,Crane,0
2024-05,S009,Ridgeline Tunnel,Highlands,Crane,2
2024-06,S009,Ridgeline Tunnel,Highlands,Crane,0
2024-07,S009,Ridgeline Tunnel,Highlands,Crane,0
2024-08,S009,Ridgeline Tunnel,Highlands,Crane,0
2024-09,S009,Ridgeline Tunnel,Highlands,Crane,0
2024-10,S009,Ridgeline Tunnel,Highlands,Crane,0
2024-11,S009,Ridgeline Tunnel,Highlands,Crane,1
2024-12,S009,Ridgeline Tunnel,Highlands,Crane,0
2025-01,S009,Ridgeline Tunnel,Highlands,Crane,0
2025-02,S009,Ridgeline Tunnel,Highlands,Crane,0
2025-03,S009,Ridgeline Tunnel,Highlands,Crane,0
2025-04,S009,Ridgeline Tunnel,Highlands,Crane,0
2025-05,S009,Ridgeline Tunnel,Highlands,Crane,0
2025-06,S009,Ridgeline Tunnel,Highlands,Crane,1
2025-07,S009,Ridgeline Tunnel,Highlands,Crane,0
2025-08,S009,Ridgeline Tunnel,Highlands,Crane,0
2025-09,S009,Ridgeline Tunnel,Highlands,Crane,0
2025-10,S009,Ridgeline Tunnel,Highlands,Crane,0
2025-11,S009,Ridgeline Tunnel,Highlands,Crane,0
2025-12,S009,Ridgeline Tunnel,Highlands,Crane,0
2026-01,S009,Ridgeline Tunnel,Highlands,Crane,1
2026-02,S009,Ridgeline Tunnel,Highlands,Crane,0
2026-03,S009,Ridgeline Tunnel,Highlands,Crane,0
2026-04,S009,Ridgeline Tunnel,Highlands,Crane,0
2026-05,S009,Ridgeline Tunnel,Highlands,Crane,0
2026-06,S009,Ridgeline Tunnel,Highlands,Crane,0
2026-07,S009,Ridgeline Tunnel,Highlands,Crane,0
2021-08,S009,Ridgeline Tunnel,Highlands,Grader,3
2021-09,S009,Ridgeline Tunnel,Highlands,Grader,1
2021-10,S009,Ridgeline Tunnel,Highlands,Grader,0
2021-11,S009,Ridgeline Tunnel,Highlands,Grader,0
2021-12,S009,Ridgeline Tunnel,Highlands,Grader,0
2022-01,S009,Ridgeline Tunnel,Highlands,Grader,0
2022-02,S009,Ridgeline Tunnel,Highlands,Grader,0
2022-03,S009,Ridgeline Tunnel,Highlands,Grader,1
2022-04,S009,Ridgeline Tunnel,Highlands,Grader,1
2022-05,S009,Ridgeline Tunnel,Highlands,Grader,0
2022-06,S009,Ridgeline Tunnel,Highlands,Grader,1
2022-07,S009,Ridgeline Tunnel,Highlands,Grader,0
2022-08,S009,Ridgeline Tunnel,Highlands,Grader,1
2022-09,S009,Ridgeline Tunnel,Highlands,Grader,0
2022-10,S009,Ridgeline Tunnel,Highlands,Grader,1
2022-11,S009,Ridgeline Tunnel,Highlands,Grader,2
2022-12,S009,Ridgeline Tunnel,Highlands,Grader,1
2023-01,S009,Ridgeline Tunnel,Highlands,Grader,0
2023-02,S009,Ridgeline Tunnel,Highlands,Grader,1
2023-03,S009,Ridgeline Tunnel,Highlands,Grader,0
2023-04,S009,Ridgeline Tunnel,Highlands,Grader,0
2023-05,S009,Ridgeline Tunnel,Highlands,Grader,1
2023-06,S009,Ridgeline Tunnel,Highlands,Grader,0
2023-07,S009,Ridgeline Tunnel,Highlands,Grader,0
2023-08,S009,Ridgeline Tunnel,Highlands,Grader,0
2023-09,S009,Ridgeline Tunnel,Highlands,Grader,0
2023-10,S009,Ridgeline Tunnel,Highlands,Grader,1
2023-11,S009,Ridgeline Tunnel,Highlands,Grader,0
2023-12,S009,Ridgeline Tunnel,Highlands,Grader,0
2024-01,S009,Ridgeline Tunnel,Highlands,Grader,0
2024-02,S009,Ridgeline Tunnel,Highlands,Grader,1
2024-03,S009,Ridgeline Tunnel,Highlands,Grader,0
2024-04,S009,Ridgeline Tunnel,Highlands,Grader,1
2024-05,S009,Ridgeline Tunnel,Highlands,Grader,1
2024-06,S009,Ridgeline Tunnel,Highlands,Grader,0
2024-07,S009,Ridgeline Tunnel,Highlands,Grader,2
2024-08,S009,Ridgeline Tunnel,Highlands,Grader,0
2024-09,S009,Ridgeline Tunnel,Highlands,Grader,0
2024-10,S009,Ridgeline Tunnel,Highlands,Grader,0
2024-11,S009,Ridgeline Tunnel,Highlands,Grader,2
2024-12,S009,Ridgeline Tunnel,Highlands,Grader,0
2025-01,S009,Ridgeline Tunnel,Highlands,Grader,0
2025-02,S009,Ridgeline Tunnel,Highlands,Grader,1
2025-03,S009,Ridgeline Tunnel,Highlands,Grader,1
2025-04,S009,Ridgeline Tunnel,Highlands,Grader,0
2025-05,S009,Ridgeline Tunnel,Highlands,Grader,0
2025-06,S009,Ridgeline Tunnel,Highlands,Grader,0
2025-07,S009,Ridgeline Tunnel,Highlands,Grader,1
2025-08,S009,Ridgeline Tunnel,Highlands,Grader,1
2025-09,S009,Ridgeline Tunnel,Highlands,Grader,2
2025-10,S009,Ridgeline Tunnel,Highlands,Grader,1
2025-11,S009,Ridgeline Tunnel,Highlands,Grader,1
2025-12,S009,Ridgeline Tunnel,Highlands,Grader,0
2026-01,S009,Ridgeline Tunnel,Highlands,Grader,0
2026-02,S009,Ridgeline Tunnel,Highlands,Grader,1
2026-03,S009,Ridgeline Tunnel,Highlands,Grader,0
2026-04,S009,Ridgeline Tunnel,Highlands,Grader,1
2026-05,S009,Ridgeline Tunnel,Highlands,Grader,0
2026-06,S009,Ridgeline Tunnel,Highlands,Grader,0
2026-07,S009,Ridgeline Tunnel,Highlands,Grader,0
2021-08,S009,Ridgeline Tunnel,Highlands,Forklift,1
2021-09,S009,Ridgeline Tunnel,Highlands,Forklift,0
2021-10,S009,Ridgeline Tunnel,Highlands,Forklift,2
2021-11,S009,Ridgeline Tunnel,Highlands,Forklift,1
2021-12,S009,Ridgeline Tunnel,Highlands,Forklift,0
2022-01,S009,Ridgeline Tunnel,Highlands,Forklift,0
2022-02,S009,Ridgeline Tunnel,Highlands,Forklift,0
2022-03,S009,Ridgeline Tunnel,Highlands,Forklift,2
2022-04,S009,Ridgeline Tunnel,Highlands,Forklift,1
2022-05,S009,Ridgeline Tunnel,Highlands,Forklift,1
2022-06,S009,Ridgeline Tunnel,Highlands,Forklift,0
2022-07,S009,Ridgeline Tunnel,Highlands,Forklift,0
2022-08,S009,Ridgeline Tunnel,Highlands,Forklift,0
2022-09,S009,Ridgeline Tunnel,Highlands,Forklift,0
2022-10,S009,Ridgeline Tunnel,Highlands,Forklift,0
2022-11,S009,Ridgeline Tunnel,Highlands,Forklift,0
2022-12,S009,Ridgeline Tunnel,Highlands,Forklift,0
2023-01,S009,Ridgeline Tunnel,Highlands,Forklift,0
2023-02,S009,Ridgeline Tunnel,Highlands,Forklift,2
2023-03,S009,Ridgeline Tunnel,Highlands,Forklift,1
2023-04,S009,Ridgeline Tunnel,Highlands,Forklift,2
2023-05,S009,Ridgeline Tunnel,Highlands,Forklift,0
2023-06,S009,Ridgeline Tunnel,Highlands,Forklift,1
2023-07,S009,Ridgeline Tunnel,Highlands,Forklift,1
2023-08,S009,Ridgeline Tunnel,Highlands,Forklift,1
2023-09,S009,Ridgeline Tunnel,Highlands,Forklift,1
2023-10,S009,Ridgeline Tunnel,Highlands,Forklift,0
2023-11,S009,Ridgeline Tunnel,Highlands,Forklift,1
2023-12,S009,Ridgeline Tunnel,Highlands,Forklift,0
2024-01,S009,Ridgeline Tunnel,Highlands,Forklift,0
2024-02,S009,Ridgeline Tunnel,Highlands,Forklift,1
2024-03,S009,Ridgeline Tunnel,Highlands,Forklift,0
2024-04,S009,Ridgeline Tunnel,Highlands,Forklift,0
2024-05,S009,Ridgeline Tunnel,Highlands,Forklift,0
2024-06,S009,Ridgeline Tunnel,Highlands,Forklift,2
2024-07,S009,Ridgeline Tunnel,Highlands,Forklift,0
2024-08,S009,Ridgeline Tunnel,Highlands,Forklift,0
2024-09,S009,Ridgeline Tunnel,Highlands,Forklift,1
2024-10,S009,Ridgeline Tunnel,Highlands,Forklift,0
2024-11,S009,Ridgeline Tunnel,Highlands,Forklift,1
2024-12,S009,Ridgeline Tunnel,Highlands,Forklift,1
2025-01,S009,Ridgeline Tunnel,Highlands,Forklift,0
2025-02,S009,Ridgeline Tunnel,Highlands,Forklift,1
2025-03,S009,Ridgeline Tunnel,Highlands,Forklift,0
2025-04,S009,Ridgeline Tunnel,Highlands,Forklift,0
2025-05,S009,Ridgeline Tunnel,Highlands,Forklift,2
2025-06,S009,Ridgeline Tunnel,Highlands,Forklift,1
2025-07,S009,Ridgeline Tunnel,Highlands,Forklift,0
2025-08,S009,Ridgeline Tunnel,Highlands,Forklift,1
2025-09,S009,Ridgeline Tunnel,Highlands,Forklift,0
2025-10,S009,Ridgeline Tunnel,Highlands,Forklift,0
2025-11,S009,Ridgeline Tunnel,Highlands,Forklift,2
2025-12,S009,Ridgeline Tunnel,Highlands,Forklift,1
2026-01,S009,Ridgeline Tunnel,Highlands,Forklift,1
2026-02,S009,Ridgeline Tunnel,Highlands,Forklift,1
2026-03,S009,Ridgeline Tunnel,Highlands,Forklift,1
2026-04,S009,Ridgeline Tunnel,Highlands,Forklift,0
2026-05,S009,Ridgeline Tunnel,Highlands,Forklift,0
2026-06,S009,Ridgeline Tunnel,Highlands,Forklift,0
2026-07,S009,Ridgeline Tunnel,Highlands,Forklift,0
2021-08,S009,Ridgeline Tunnel,Highlands,Loader,0
2021-09,S009,Ridgeline Tunnel,Highlands,Loader,0
2021-10,S009,Ridgeline Tunnel,Highlands,Loader,2
2021-11,S009,Ridgeline Tunnel,Highlands,Loader,1
2021-12,S009,Ridgeline Tunnel,Highlands,Loader,0
2022-01,S009,Ridgeline Tunnel,Highlands,Loader,0
2022-02,S009,Ridgeline Tunnel,Highlands,Loader,0
2022-03,S009,Ridgeline Tunnel,Highlands,Loader,0
2022-04,S009,Ridgeline Tunnel,Highlands,Loader,2
2022-05,S009,Ridgeline Tunnel,Highlands,Loader,1
2022-06,S009,Ridgeline Tunnel,Highlands,Loader,1
2022-07,S009,Ridgeline Tunnel,Highlands,Loader,0
2022-08,S009,Ridgeline Tunnel,Highlands,Loader,0
2022-09,S009,Ridgeline Tunnel,Highlands,Loader,1
2022-10,S009,Ridgeline Tunnel,Highlands,Loader,1
2022-11,S009,Ridgeline Tunnel,Highlands,Loader,0
2022-12,S009,Ridgeline Tunnel,Highlands,Loader,1
2023-01,S009,Ridgeline Tunnel,Highlands,Loader,1
2023-02,S009,Ridgeline Tunnel,Highlands,Loader,0
2023-03,S009,Ridgeline Tunnel,Highlands,Loader,0
2023-04,S009,Ridgeline Tunnel,Highlands,Loader,0
2023-05,S009,Ridgeline Tunnel,Highlands,Loader,0
2023-06,S009,Ridgeline Tunnel,Highlands,Loader,1
2023-07,S009,Ridgeline Tunnel,Highlands,Loader,2
2023-08,S009,Ridgeline Tunnel,Highlands,Loader,3
2023-09,S009,Ridgeline Tunnel,Highlands,Loader,1
2023-10,S009,Ridgeline Tunnel,Highlands,Loader,1
2023-11,S009,Ridgeline Tunnel,Highlands,Loader,0
2023-12,S009,Ridgeline Tunnel,Highlands,Loader,0
2024-01,S009,Ridgeline Tunnel,Highlands,Loader,1
2024-02,S009,Ridgeline Tunnel,Highlands,Loader,1
2024-03,S009,Ridgeline Tunnel,Highlands,Loader,0
2024-04,S009,Ridgeline Tunnel,Highlands,Loader,0
2024-05,S009,Ridgeline Tunnel,Highlands,Loader,2
2024-06,S009,Ridgeline Tunnel,Highlands,Loader,4
2024-07,S009,Ridgeline Tunnel,Highlands,Loader,2
2024-08,S009,Ridgeline Tunnel,Highlands,Loader,4
2024-09,S009,Ridgeline Tunnel,Highlands,Loader,0
2024-10,S009,Ridgeline Tunnel,Highlands,Loader,2
2024-11,S009,Ridgeline Tunnel,Highlands,Loader,2
2024-12,S009,Ridgeline Tunnel,Highlands,Loader,3
2025-01,S009,Ridgeline Tunnel,Highlands,Loader,0
2025-02,S009,Ridgeline Tunnel,Highlands,Loader,0
2025-03,S009,Ridgeline Tunnel,Highlands,Loader,0
2025-04,S009,Ridgeline Tunnel,Highlands,Loader,0
2025-05,S009,Ridgeline Tunnel,Highlands,Loader,0
2025-06,S009,Ridgeline Tunnel,Highlands,Loader,0
2025-07,S009,Ridgeline Tunnel,Highlands,Loader,1
2025-08,S009,Ridgeline Tunnel,Highlands,Loader,1
2025-09,S009,Ridgeline Tunnel,Highlands,Loader,0
2025-10,S009,Ridgeline Tunnel,Highlands,Loader,1
2025-11,S009,Ridgeline Tunnel,Highlands,Loader,0
2025-12,S009,Ridgeline Tunnel,Highlands,Loader,1
2026-01,S009,Ridgeline Tunnel,Highlands,Loader,2
2026-02,S009,Ridgeline Tunnel,Highlands,Loader,1
2026-03,S009,Ridgeline Tunnel,Highlands,Loader,2
2026-04,S009,Ridgeline Tunnel,Highlands,Loader,2
2026-05,S009,Ridgeline Tunnel,Highlands,Loader,0
2026-06,S009,Ridgeline Tunnel,Highlands,Loader,3
2026-07,S009,Ridgeline Tunnel,Highlands,Loader,1
2021-08,S009,Ridgeline Tunnel,Highlands,Roller,0
2021-09,S009,Ridgeline Tunnel,Highlands,Roller,1
2021-10,S009,Ridgeline Tunnel,Highlands,Roller,0
2021-11,S009,Ridgeline Tunnel,Highlands,Roller,2
2021-12,S009,Ridgeline Tunnel,Highlands,Roller,0
2022-01,S009,Ridgeline Tunnel,Highlands,Roller,0
2022-02,S009,Ridgeline Tunnel,Highlands,Roller,0
2022-03,S009,Ridgeline Tunnel,Highlands,Roller,0
2022-04,S009,Ridgeline Tunnel,Highlands,Roller,0
2022-05,S009,Ridgeline Tunnel,Highlands,Roller,0
2022-06,S009,Ridgeline Tunnel,Highlands,Roller,0
2022-07,S009,Ridgeline Tunnel,Highlands,Roller,0
2022-08,S009,Ridgeline Tunnel,Highlands,Roller,0
2022-09,S009,Ridgeline Tunnel,Highlands,Roller,0
2022-10,S009,Ridgeline Tunnel,Highlands,Roller,0
2022-11,S009,Ridgeline Tunnel,Highlands,Roller,0
2022-12,S009,Ridgeline Tunnel,Highlands,Roller,0
2023-01,S009,Ridgeline Tunnel,Highlands,Roller,0
2023-02,S009,Ridgeline Tunnel,Highlands,Roller,0
2023-03,S009,Ridgeline Tunnel,Highlands,Roller,1
2023-04,S009,Ridgeline Tunnel,Highlands,Roller,0
2023-05,S009,Ridgeline Tunnel,Highlands,Roller,0
2023-06,S009,Ridgeline Tunnel,Highlands,Roller,1
2023-07,S009,Ridgeline Tunnel,Highlands,Roller,0
2023-08,S009,Ridgeline Tunnel,Highlands,Roller,0
2023-09,S009,Ridgeline Tunnel,Highlands,Roller,0
2023-10,S009,Ridgeline Tunnel,Highlands,Roller,1
2023-11,S009,Ridgeline Tunnel,Highlands,Roller,0
2023-12,S009,Ridgeline Tunnel,Highlands,Roller,1
2024-01,S009,Ridgeline Tunnel,Highlands,Roller,0
2024-02,S009,Ridgeline Tunnel,Highlands,Roller,0
2024-03,S009,Ridgeline Tunnel,Highlands,Roller,0
2024-04,S009,Ridgeline Tunnel,Highlands,Roller,0
2024-05,S009,Ridgeline Tunnel,Highlands,Roller,0
2024-06,S009,Ridgeline Tunnel,Highlands,Roller,0
2024-07,S009,Ridgeline Tunnel,Highlands,Roller,0
2024-08,S009,Ridgeline Tunnel,Highlands,Roller,0
2024-09,S009,Ridgeline Tunnel,Highlands,Roller,1
2024-10,S009,Ridgeline Tunnel,Highlands,Roller,0
2024-11,S009,Ridgeline Tunnel,Highlands,Roller,1
2024-12,S009,Ridgeline Tunnel,Highlands,Roller,0
2025-01,S009,Ridgeline Tunnel,Highlands,Roller,0
2025-02,S009,Ridgeline Tunnel,Highlands,Roller,0
2025-03,S009,Ridgeline Tunnel,Highlands,Roller,2
2025-04,S009,Ridgeline Tunnel,Highlands,Roller,1
2025-05,S009,Ridgeline Tunnel,Highlands,Roller,0
2025-06,S009,Ridgeline Tunnel,Highlands,Roller,1
2025-07,S009,Ridgeline Tunnel,Highlands,Roller,1
2025-08,S009,Ridgeline Tunnel,Highlands,Roller,0
2025-09,S009,Ridgeline Tunnel,Highlands,Roller,0
2025-10,S009,Ridgeline Tunnel,Highlands,Roller,0
2025-11,S009,Ridgeline Tunnel,Highlands,Roller,0
2025-12,S009,Ridgeline Tunnel,Highlands,Roller,2
2026-01,S009,Ridgeline Tunnel,Highlands,Roller,0
2026-02,S009,Ridgeline Tunnel,Highlands,Roller,0
2026-03,S009,Ridgeline Tunnel,Highlands,Roller,1
2026-04,S009,Ridgeline Tunnel,Highlands,Roller,1
2026-05,S009,Ridgeline Tunnel,Highlands,Roller,0
2026-06,S009,Ridgeline Tunnel,Highlands,Roller,2
2026-07,S009,Ridgeline Tunnel,Highlands,Roller,0
2021-08,S010,Southfield Logistics,Metro South,Excavator,1
2021-09,S010,Southfield Logistics,Metro South,Excavator,1
2021-10,S010,Southfield Logistics,Metro South,Excavator,2
2021-11,S010,Southfield Logistics,Metro South,Excavator,0
2021-12,S010,Southfield Logistics,Metro South,Excavator,0
2022-01,S010,Southfield Logistics,Metro South,Excavator,0
2022-02,S010,Southfield Logistics,Metro South,Excavator,0
2022-03,S010,Southfield Logistics,Metro South,Excavator,0
2022-04,S010,Southfield Logistics,Metro South,Excavator,2
2022-05,S010,Southfield Logistics,Metro South,Excavator,1
2022-06,S010,Southfield Logistics,Metro South,Excavator,0
2022-07,S010,Southfield Logistics,Metro South,Excavator,3
2022-08,S010,Southfield Logistics,Metro South,Excavator,1
2022-09,S010,Southfield Logistics,Metro South,Excavator,1
2022-10,S010,Southfield Logistics,Metro South,Excavator,3
2022-11,S010,Southfield Logistics,Metro South,Excavator,0
2022-12,S010,Southfield Logistics,Metro South,Excavator,2
2023-01,S010,Southfield Logistics,Metro South,Excavator,1
2023-02,S010,Southfield Logistics,Metro South,Excavator,0
2023-03,S010,Southfield Logistics,Metro South,Excavator,2
2023-04,S010,Southfield Logistics,Metro South,Excavator,1
2023-05,S010,Southfield Logistics,Metro South,Excavator,2
2023-06,S010,Southfield Logistics,Metro South,Excavator,1
2023-07,S010,Southfield Logistics,Metro South,Excavator,1
2023-08,S010,Southfield Logistics,Metro South,Excavator,3
2023-09,S010,Southfield Logistics,Metro South,Excavator,0
2023-10,S010,Southfield Logistics,Metro South,Excavator,1
2023-11,S010,Southfield Logistics,Metro South,Excavator,0
2023-12,S010,Southfield Logistics,Metro South,Excavator,1
2024-01,S010,Southfield Logistics,Metro South,Excavator,0
2024-02,S010,Southfield Logistics,Metro South,Excavator,0
2024-03,S010,Southfield Logistics,Metro South,Excavator,0
2024-04,S010,Southfield Logistics,Metro South,Excavator,2
2024-05,S010,Southfield Logistics,Metro South,Excavator,3
2024-06,S010,Southfield Logistics,Metro South,Excavator,2
2024-07,S010,Southfield Logistics,Metro South,Excavator,5
2024-08,S010,Southfield Logistics,Metro South,Excavator,5
2024-09,S010,Southfield Logistics,Metro South,Excavator,0
2024-10,S010,Southfield Logistics,Metro South,Excavator,2
2024-11,S010,Southfield Logistics,Metro South,Excavator,0
2024-12,S010,Southfield Logistics,Metro South,Excavator,1
2025-01,S010,Southfield Logistics,Metro South,Excavator,0
2025-02,S010,Southfield Logistics,Metro South,Excavator,0
2025-03,S010,Southfield Logistics,Metro South,Excavator,1
2025-04,S010,Southfield Logistics,Metro South,Excavator,1
2025-05,S010,Southfield Logistics,Metro South,Excavator,3
2025-06,S010,Southfield Logistics,Metro South,Excavator,0
2025-07,S010,Southfield Logistics,Metro South,Excavator,2
2025-08,S010,Southfield Logistics,Metro South,Excavator,2
2025-09,S010,Southfield Logistics,Metro South,Excavator,3
2025-10,S010,Southfield Logistics,Metro South,Excavator,1
2025-11,S010,Southfield Logistics,Metro South,Excavator,0
2025-12,S010,Southfield Logistics,Metro South,Excavator,1
2026-01,S010,Southfield Logistics,Metro South,Excavator,1
2026-02,S010,Southfield Logistics,Metro South,Excavator,3
2026-03,S010,Southfield Logistics,Metro South,Excavator,1
2026-04,S010,Southfield Logistics,Metro South,Excavator,2
2026-05,S010,Southfield Logistics,Metro South,Excavator,0
2026-06,S010,Southfield Logistics,Metro South,Excavator,0
2026-07,S010,Southfield Logistics,Metro South,Excavator,2
2021-08,S010,Southfield Logistics,Metro South,Bulldozer,0
2021-09,S010,Southfield Logistics,Metro South,Bulldozer,0
2021-10,S010,Southfield Logistics,Metro South,Bulldozer,0
2021-11,S010,Southfield Logistics,Metro South,Bulldozer,0
2021-12,S010,Southfield Logistics,Metro South,Bulldozer,1
2022-01,S010,Southfield Logistics,Metro South,Bulldozer,2
2022-02,S010,Southfield Logistics,Metro South,Bulldozer,2
2022-03,S010,Southfield Logistics,Metro South,Bulldozer,0
2022-04,S010,Southfield Logistics,Metro South,Bulldozer,0
2022-05,S010,Southfield Logistics,Metro South,Bulldozer,0
2022-06,S010,Southfield Logistics,Metro South,Bulldozer,0
2022-07,S010,Southfield Logistics,Metro South,Bulldozer,0
2022-08,S010,Southfield Logistics,Metro South,Bulldozer,3
2022-09,S010,Southfield Logistics,Metro South,Bulldozer,3
2022-10,S010,Southfield Logistics,Metro South,Bulldozer,0
2022-11,S010,Southfield Logistics,Metro South,Bulldozer,2
2022-12,S010,Southfield Logistics,Metro South,Bulldozer,1
2023-01,S010,Southfield Logistics,Metro South,Bulldozer,2
2023-02,S010,Southfield Logistics,Metro South,Bulldozer,0
2023-03,S010,Southfield Logistics,Metro South,Bulldozer,2
2023-04,S010,Southfield Logistics,Metro South,Bulldozer,0
2023-05,S010,Southfield Logistics,Metro South,Bulldozer,0
2023-06,S010,Southfield Logistics,Metro South,Bulldozer,1
2023-07,S010,Southfield Logistics,Metro South,Bulldozer,3
2023-08,S010,Southfield Logistics,Metro South,Bulldozer,1
2023-09,S010,Southfield Logistics,Metro South,Bulldozer,0
2023-10,S010,Southfield Logistics,Metro South,Bulldozer,0
2023-11,S010,Southfield Logistics,Metro South,Bulldozer,0
2023-12,S010,Southfield Logistics,Metro South,Bulldozer,0
2024-01,S010,Southfield Logistics,Metro South,Bulldozer,0
2024-02,S010,Southfield Logistics,Metro South,Bulldozer,1
2024-03,S010,Southfield Logistics,Metro South,Bulldozer,0
2024-04,S010,Southfield Logistics,Metro South,Bulldozer,0
2024-05,S010,Southfield Logistics,Metro South,Bulldozer,0
2024-06,S010,Southfield Logistics,Metro South,Bulldozer,3
2024-07,S010,Southfield Logistics,Metro South,Bulldozer,1
2024-08,S010,Southfield Logistics,Metro South,Bulldozer,2
2024-09,S010,Southfield Logistics,Metro South,Bulldozer,0
2024-10,S010,Southfield Logistics,Metro South,Bulldozer,0
2024-11,S010,Southfield Logistics,Metro South,Bulldozer,1
2024-12,S010,Southfield Logistics,Metro South,Bulldozer,2
2025-01,S010,Southfield Logistics,Metro South,Bulldozer,1
2025-02,S010,Southfield Logistics,Metro South,Bulldozer,1
2025-03,S010,Southfield Logistics,Metro South,Bulldozer,0
2025-04,S010,Southfield Logistics,Metro South,Bulldozer,0
2025-05,S010,Southfield Logistics,Metro South,Bulldozer,1
2025-06,S010,Southfield Logistics,Metro South,Bulldozer,0
2025-07,S010,Southfield Logistics,Metro South,Bulldozer,1
2025-08,S010,Southfield Logistics,Metro South,Bulldozer,1
2025-09,S010,Southfield Logistics,Metro South,Bulldozer,0
2025-10,S010,Southfield Logistics,Metro South,Bulldozer,1
2025-11,S010,Southfield Logistics,Metro South,Bulldozer,2
2025-12,S010,Southfield Logistics,Metro South,Bulldozer,0
2026-01,S010,Southfield Logistics,Metro South,Bulldozer,0
2026-02,S010,Southfield Logistics,Metro South,Bulldozer,0
2026-03,S010,Southfield Logistics,Metro South,Bulldozer,3
2026-04,S010,Southfield Logistics,Metro South,Bulldozer,1
2026-05,S010,Southfield Logistics,Metro South,Bulldozer,1
2026-06,S010,Southfield Logistics,Metro South,Bulldozer,1
2026-07,S010,Southfield Logistics,Metro South,Bulldozer,1
2021-08,S010,Southfield Logistics,Metro South,Crane,0
2021-09,S010,Southfield Logistics,Metro South,Crane,0
2021-10,S010,Southfield Logistics,Metro South,Crane,0
2021-11,S010,Southfield Logistics,Metro South,Crane,1
2021-12,S010,Southfield Logistics,Metro South,Crane,2
2022-01,S010,Southfield Logistics,Metro South,Crane,1
2022-02,S010,Southfield Logistics,Metro South,Crane,0
2022-03,S010,Southfield Logistics,Metro South,Crane,0
2022-04,S010,Southfield Logistics,Metro South,Crane,1
2022-05,S010,Southfield Logistics,Metro South,Crane,2
2022-06,S010,Southfield Logistics,Metro South,Crane,0
2022-07,S010,Southfield Logistics,Metro South,Crane,0
2022-08,S010,Southfield Logistics,Metro South,Crane,2
2022-09,S010,Southfield Logistics,Metro South,Crane,0
2022-10,S010,Southfield Logistics,Metro South,Crane,1
2022-11,S010,Southfield Logistics,Metro South,Crane,0
2022-12,S010,Southfield Logistics,Metro South,Crane,1
2023-01,S010,Southfield Logistics,Metro South,Crane,1
2023-02,S010,Southfield Logistics,Metro South,Crane,0
2023-03,S010,Southfield Logistics,Metro South,Crane,0
2023-04,S010,Southfield Logistics,Metro South,Crane,2
2023-05,S010,Southfield Logistics,Metro South,Crane,0
2023-06,S010,Southfield Logistics,Metro South,Crane,0
2023-07,S010,Southfield Logistics,Metro South,Crane,0
2023-08,S010,Southfield Logistics,Metro South,Crane,0
2023-09,S010,Southfield Logistics,Metro South,Crane,0
2023-10,S010,Southfield Logistics,Metro South,Crane,1
2023-11,S010,Southfield Logistics,Metro South,Crane,1
2023-12,S010,Southfield Logistics,Metro South,Crane,0
2024-01,S010,Southfield Logistics,Metro South,Crane,0
2024-02,S010,Southfield Logistics,Metro South,Crane,1
2024-03,S010,Southfield Logistics,Metro South,Crane,0
2024-04,S010,Southfield Logistics,Metro South,Crane,0
2024-05,S010,Southfield Logistics,Metro South,Crane,0
2024-06,S010,Southfield Logistics,Metro South,Crane,0
2024-07,S010,Southfield Logistics,Metro South,Crane,0
2024-08,S010,Southfield Logistics,Metro South,Crane,0
2024-09,S010,Southfield Logistics,Metro South,Crane,0
2024-10,S010,Southfield Logistics,Metro South,Crane,0
2024-11,S010,Southfield Logistics,Metro South,Crane,0
2024-12,S010,Southfield Logistics,Metro South,Crane,0
2025-01,S010,Southfield Logistics,Metro South,Crane,1
2025-02,S010,Southfield Logistics,Metro South,Crane,0
2025-03,S010,Southfield Logistics,Metro South,Crane,0
2025-04,S010,Southfield Logistics,Metro South,Crane,1
2025-05,S010,Southfield Logistics,Metro South,Crane,0
2025-06,S010,Southfield Logistics,Metro South,Crane,0
2025-07,S010,Southfield Logistics,Metro South,Crane,0
2025-08,S010,Southfield Logistics,Metro South,Crane,0
2025-09,S010,Southfield Logistics,Metro South,Crane,0
2025-10,S010,Southfield Logistics,Metro South,Crane,0
2025-11,S010,Southfield Logistics,Metro South,Crane,2
2025-12,S010,Southfield Logistics,Metro South,Crane,0
2026-01,S010,Southfield Logistics,Metro South,Crane,1
2026-02,S010,Southfield Logistics,Metro South,Crane,1
2026-03,S010,Southfield Logistics,Metro South,Crane,0
2026-04,S010,Southfield Logistics,Metro South,Crane,1
2026-05,S010,Southfield Logistics,Metro South,Crane,1
2026-06,S010,Southfield Logistics,Metro South,Crane,0
2026-07,S010,Southfield Logistics,Metro South,Crane,0
2021-08,S010,Southfield Logistics,Metro South,Grader,0
2021-09,S010,Southfield Logistics,Metro South,Grader,0
2021-10,S010,Southfield Logistics,Metro South,Grader,0
2021-11,S010,Southfield Logistics,Metro South,Grader,0
2021-12,S010,Southfield Logistics,Metro South,Grader,0
2022-01,S010,Southfield Logistics,Metro South,Grader,0
2022-02,S010,Southfield Logistics,Metro South,Grader,0
2022-03,S010,Southfield Logistics,Metro South,Grader,1
2022-04,S010,Southfield Logistics,Metro South,Grader,0
2022-05,S010,Southfield Logistics,Metro South,Grader,1
2022-06,S010,Southfield Logistics,Metro South,Grader,0
2022-07,S010,Southfield Logistics,Metro South,Grader,1
2022-08,S010,Southfield Logistics,Metro South,Grader,1
2022-09,S010,Southfield Logistics,Metro South,Grader,0
2022-10,S010,Southfield Logistics,Metro South,Grader,1
2022-11,S010,Southfield Logistics,Metro South,Grader,0
2022-12,S010,Southfield Logistics,Metro South,Grader,0
2023-01,S010,Southfield Logistics,Metro South,Grader,0
2023-02,S010,Southfield Logistics,Metro South,Grader,0
2023-03,S010,Southfield Logistics,Metro South,Grader,0
2023-04,S010,Southfield Logistics,Metro South,Grader,0
2023-05,S010,Southfield Logistics,Metro South,Grader,0
2023-06,S010,Southfield Logistics,Metro South,Grader,1
2023-07,S010,Southfield Logistics,Metro South,Grader,0
2023-08,S010,Southfield Logistics,Metro South,Grader,0
2023-09,S010,Southfield Logistics,Metro South,Grader,0
2023-10,S010,Southfield Logistics,Metro South,Grader,0
2023-11,S010,Southfield Logistics,Metro South,Grader,0
2023-12,S010,Southfield Logistics,Metro South,Grader,0
2024-01,S010,Southfield Logistics,Metro South,Grader,1
2024-02,S010,Southfield Logistics,Metro South,Grader,0
2024-03,S010,Southfield Logistics,Metro South,Grader,0
2024-04,S010,Southfield Logistics,Metro South,Grader,0
2024-05,S010,Southfield Logistics,Metro South,Grader,1
2024-06,S010,Southfield Logistics,Metro South,Grader,2
2024-07,S010,Southfield Logistics,Metro South,Grader,0
2024-08,S010,Southfield Logistics,Metro South,Grader,1
2024-09,S010,Southfield Logistics,Metro South,Grader,1
2024-10,S010,Southfield Logistics,Metro South,Grader,0
2024-11,S010,Southfield Logistics,Metro South,Grader,0
2024-12,S010,Southfield Logistics,Metro South,Grader,1
2025-01,S010,Southfield Logistics,Metro South,Grader,1
2025-02,S010,Southfield Logistics,Metro South,Grader,0
2025-03,S010,Southfield Logistics,Metro South,Grader,0
2025-04,S010,Southfield Logistics,Metro South,Grader,1
2025-05,S010,Southfield Logistics,Metro South,Grader,0
2025-06,S010,Southfield Logistics,Metro South,Grader,0
2025-07,S010,Southfield Logistics,Metro South,Grader,0
2025-08,S010,Southfield Logistics,Metro South,Grader,0
2025-09,S010,Southfield Logistics,Metro South,Grader,1
2025-10,S010,Southfield Logistics,Metro South,Grader,1
2025-11,S010,Southfield Logistics,Metro South,Grader,1
2025-12,S010,Southfield Logistics,Metro South,Grader,1
2026-01,S010,Southfield Logistics,Metro South,Grader,0
2026-02,S010,Southfield Logistics,Metro South,Grader,1
2026-03,S010,Southfield Logistics,Metro South,Grader,0
2026-04,S010,Southfield Logistics,Metro South,Grader,0
2026-05,S010,Southfield Logistics,Metro South,Grader,1
2026-06,S010,Southfield Logistics,Metro South,Grader,0
2026-07,S010,Southfield Logistics,Metro South,Grader,1
2021-08,S010,Southfield Logistics,Metro South,Forklift,0
2021-09,S010,Southfield Logistics,Metro South,Forklift,0
2021-10,S010,Southfield Logistics,Metro South,Forklift,0
2021-11,S010,Southfield Logistics,Metro South,Forklift,0
2021-12,S010,Southfield Logistics,Metro South,Forklift,1
2022-01,S010,Southfield Logistics,Metro South,Forklift,1
2022-02,S010,Southfield Logistics,Metro South,Forklift,0
2022-03,S010,Southfield Logistics,Metro South,Forklift,2
2022-04,S010,Southfield Logistics,Metro South,Forklift,1
2022-05,S010,Southfield Logistics,Metro South,Forklift,0
2022-06,S010,Southfield Logistics,Metro South,Forklift,0
2022-07,S010,Southfield Logistics,Metro South,Forklift,0
2022-08,S010,Southfield Logistics,Metro South,Forklift,0
2022-09,S010,Southfield Logistics,Metro South,Forklift,0
2022-10,S010,Southfield Logistics,Metro South,Forklift,1
2022-11,S010,Southfield Logistics,Metro South,Forklift,1
2022-12,S010,Southfield Logistics,Metro South,Forklift,3
2023-01,S010,Southfield Logistics,Metro South,Forklift,3
2023-02,S010,Southfield Logistics,Metro South,Forklift,4
2023-03,S010,Southfield Logistics,Metro South,Forklift,2
2023-04,S010,Southfield Logistics,Metro South,Forklift,0
2023-05,S010,Southfield Logistics,Metro South,Forklift,3
2023-06,S010,Southfield Logistics,Metro South,Forklift,0
2023-07,S010,Southfield Logistics,Metro South,Forklift,4
2023-08,S010,Southfield Logistics,Metro South,Forklift,1
2023-09,S010,Southfield Logistics,Metro South,Forklift,0
2023-10,S010,Southfield Logistics,Metro South,Forklift,0
2023-11,S010,Southfield Logistics,Metro South,Forklift,0
2023-12,S010,Southfield Logistics,Metro South,Forklift,0
2024-01,S010,Southfield Logistics,Metro South,Forklift,0
2024-02,S010,Southfield Logistics,Metro South,Forklift,2
2024-03,S010,Southfield Logistics,Metro South,Forklift,0
2024-04,S010,Southfield Logistics,Metro South,Forklift,0
2024-05,S010,Southfield Logistics,Metro South,Forklift,0
2024-06,S010,Southfield Logistics,Metro South,Forklift,0
2024-07,S010,Southfield Logistics,Metro South,Forklift,0
2024-08,S010,Southfield Logistics,Metro South,Forklift,0
2024-09,S010,Southfield Logistics,Metro South,Forklift,0
2024-10,S010,Southfield Logistics,Metro South,Forklift,0
2024-11,S010,Southfield Logistics,Metro South,Forklift,1
2024-12,S010,Southfield Logistics,Metro South,Forklift,0
2025-01,S010,Southfield Logistics,Metro South,Forklift,1
2025-02,S010,Southfield Logistics,Metro South,Forklift,0
2025-03,S010,Southfield Logistics,Metro South,Forklift,1
2025-04,S010,Southfield Logistics,Metro South,Forklift,0
2025-05,S010,Southfield Logistics,Metro South,Forklift,3
2025-06,S010,Southfield Logistics,Metro South,Forklift,0
2025-07,S010,Southfield Logistics,Metro South,Forklift,1
2025-08,S010,Southfield Logistics,Metro South,Forklift,2
2025-09,S010,Southfield Logistics,Metro South,Forklift,0
2025-10,S010,Southfield Logistics,Metro South,Forklift,0
2025-11,S010,Southfield Logistics,Metro South,Forklift,0
2025-12,S010,Southfield Logistics,Metro South,Forklift,3
2026-01,S010,Southfield Logistics,Metro South,Forklift,0
2026-02,S010,Southfield Logistics,Metro South,Forklift,0
2026-03,S010,Southfield Logistics,Metro South,Forklift,2
2026-04,S010,Southfield Logistics,Metro South,Forklift,1
2026-05,S010,Southfield Logistics,Metro South,Forklift,3
2026-06,S010,Southfield Logistics,Metro South,Forklift,1
2026-07,S010,Southfield Logistics,Metro South,Forklift,1
2021-08,S010,Southfield Logistics,Metro South,Loader,1
2021-09,S010,Southfield Logistics,Metro South,Loader,1
2021-10,S010,Southfield Logistics,Metro South,Loader,0
2021-11,S010,Southfield Logistics,Metro South,Loader,0
2021-12,S010,Southfield Logistics,Metro South,Loader,0
2022-01,S010,Southfield Logistics,Metro South,Loader,1
2022-02,S010,Southfield Logistics,Metro South,Loader,1
2022-03,S010,Southfield Logistics,Metro South,Loader,0
2022-04,S010,Southfield Logistics,Metro South,Loader,1
2022-05,S010,Southfield Logistics,Metro South,Loader,0
2022-06,S010,Southfield Logistics,Metro South,Loader,1
2022-07,S010,Southfield Logistics,Metro South,Loader,1
2022-08,S010,Southfield Logistics,Metro South,Loader,0
2022-09,S010,Southfield Logistics,Metro South,Loader,1
2022-10,S010,Southfield Logistics,Metro South,Loader,0
2022-11,S010,Southfield Logistics,Metro South,Loader,2
2022-12,S010,Southfield Logistics,Metro South,Loader,2
2023-01,S010,Southfield Logistics,Metro South,Loader,0
2023-02,S010,Southfield Logistics,Metro South,Loader,1
2023-03,S010,Southfield Logistics,Metro South,Loader,0
2023-04,S010,Southfield Logistics,Metro South,Loader,1
2023-05,S010,Southfield Logistics,Metro South,Loader,2
2023-06,S010,Southfield Logistics,Metro South,Loader,0
2023-07,S010,Southfield Logistics,Metro South,Loader,1
2023-08,S010,Southfield Logistics,Metro South,Loader,0
2023-09,S010,Southfield Logistics,Metro South,Loader,0
2023-10,S010,Southfield Logistics,Metro South,Loader,0
2023-11,S010,Southfield Logistics,Metro South,Loader,0
2023-12,S010,Southfield Logistics,Metro South,Loader,0
2024-01,S010,Southfield Logistics,Metro South,Loader,1
2024-02,S010,Southfield Logistics,Metro South,Loader,0
2024-03,S010,Southfield Logistics,Metro South,Loader,3
2024-04,S010,Southfield Logistics,Metro South,Loader,0
2024-05,S010,Southfield Logistics,Metro South,Loader,0
2024-06,S010,Southfield Logistics,Metro South,Loader,0
2024-07,S010,Southfield Logistics,Metro South,Loader,1
2024-08,S010,Southfield Logistics,Metro South,Loader,2
2024-09,S010,Southfield Logistics,Metro South,Loader,2
2024-10,S010,Southfield Logistics,Metro South,Loader,0
2024-11,S010,Southfield Logistics,Metro South,Loader,1
2024-12,S010,Southfield Logistics,Metro South,Loader,0
2025-01,S010,Southfield Logistics,Metro South,Loader,1
2025-02,S010,Southfield Logistics,Metro South,Loader,0
2025-03,S010,Southfield Logistics,Metro South,Loader,1
2025-04,S010,Southfield Logistics,Metro South,Loader,0
2025-05,S010,Southfield Logistics,Metro South,Loader,0
2025-06,S010,Southfield Logistics,Metro South,Loader,0
2025-07,S010,Southfield Logistics,Metro South,Loader,2
2025-08,S010,Southfield Logistics,Metro South,Loader,2
2025-09,S010,Southfield Logistics,Metro South,Loader,1
2025-10,S010,Southfield Logistics,Metro South,Loader,1
2025-11,S010,Southfield Logistics,Metro South,Loader,0
2025-12,S010,Southfield Logistics,Metro South,Loader,2
2026-01,S010,Southfield Logistics,Metro South,Loader,0
2026-02,S010,Southfield Logistics,Metro South,Loader,0
2026-03,S010,Southfield Logistics,Metro South,Loader,0
2026-04,S010,Southfield Logistics,Metro South,Loader,0
2026-05,S010,Southfield Logistics,Metro South,Loader,0
2026-06,S010,Southfield Logistics,Metro South,Loader,0
2026-07,S010,Southfield Logistics,Metro South,Loader,1
2021-08,S010,Southfield Logistics,Metro South,Roller,1
2021-09,S010,Southfield Logistics,Metro South,Roller,1
2021-10,S010,Southfield Logistics,Metro South,Roller,0
2021-11,S010,Southfield Logistics,Metro South,Roller,2
2021-12,S010,Southfield Logistics,Metro South,Roller,1
2022-01,S010,Southfield Logistics,Metro South,Roller,0
2022-02,S010,Southfield Logistics,Metro South,Roller,0
2022-03,S010,Southfield Logistics,Metro South,Roller,0
2022-04,S010,Southfield Logistics,Metro South,Roller,1
2022-05,S010,Southfield Logistics,Metro South,Roller,2
2022-06,S010,Southfield Logistics,Metro South,Roller,1
2022-07,S010,Southfield Logistics,Metro South,Roller,0
2022-08,S010,Southfield Logistics,Metro South,Roller,2
2022-09,S010,Southfield Logistics,Metro South,Roller,1
2022-10,S010,Southfield Logistics,Metro South,Roller,0
2022-11,S010,Southfield Logistics,Metro South,Roller,1
2022-12,S010,Southfield Logistics,Metro South,Roller,1
2023-01,S010,Southfield Logistics,Metro South,Roller,0
2023-02,S010,Southfield Logistics,Metro South,Roller,0
2023-03,S010,Southfield Logistics,Metro South,Roller,0
2023-04,S010,Southfield Logistics,Metro South,Roller,0
2023-05,S010,Southfield Logistics,Metro South,Roller,0
2023-06,S010,Southfield Logistics,Metro South,Roller,0
2023-07,S010,Southfield Logistics,Metro South,Roller,1
2023-08,S010,Southfield Logistics,Metro South,Roller,0
2023-09,S010,Southfield Logistics,Metro South,Roller,0
2023-10,S010,Southfield Logistics,Metro South,Roller,0
2023-11,S010,Southfield Logistics,Metro South,Roller,1
2023-12,S010,Southfield Logistics,Metro South,Roller,1
2024-01,S010,Southfield Logistics,Metro South,Roller,0
2024-02,S010,Southfield Logistics,Metro South,Roller,1
2024-03,S010,Southfield Logistics,Metro South,Roller,1
2024-04,S010,Southfield Logistics,Metro South,Roller,1
2024-05,S010,Southfield Logistics,Metro South,Roller,1
2024-06,S010,Southfield Logistics,Metro South,Roller,0
2024-07,S010,Southfield Logistics,Metro South,Roller,0
2024-08,S010,Southfield Logistics,Metro South,Roller,0
2024-09,S010,Southfield Logistics,Metro South,Roller,0
2024-10,S010,Southfield Logistics,Metro South,Roller,2
2024-11,S010,Southfield Logistics,Metro South,Roller,0
2024-12,S010,Southfield Logistics,Metro South,Roller,0
2025-01,S010,Southfield Logistics,Metro South,Roller,0
2025-02,S010,Southfield Logistics,Metro South,Roller,0
2025-03,S010,Southfield Logistics,Metro South,Roller,1
2025-04,S010,Southfield Logistics,Metro South,Roller,0
2025-05,S010,Southfield Logistics,Metro South,Roller,0
2025-06,S010,Southfield Logistics,Metro South,Roller,0
2025-07,S010,Southfield Logistics,Metro South,Roller,0
2025-08,S010,Southfield Logistics,Metro South,Roller,0
2025-09,S010,Southfield Logistics,Metro South,Roller,1
2025-10,S010,Southfield Logistics,Metro South,Roller,0
2025-11,S010,Southfield Logistics,Metro South,Roller,1
2025-12,S010,Southfield Logistics,Metro South,Roller,1
2026-01,S010,Southfield Logistics,Metro South,Roller,0
2026-02,S010,Southfield Logistics,Metro South,Roller,1
2026-03,S010,Southfield Logistics,Metro South,Roller,0
2026-04,S010,Southfield Logistics,Metro South,Roller,0
2026-05,S010,Southfield Logistics,Metro South,Roller,0
2026-06,S010,Southfield Logistics,Metro South,Roller,0
2026-07,S010,Southfield Logistics,Metro South,Roller,1
2021-08,S011,Airport Runway Ph2,Metro West,Excavator,2
2021-09,S011,Airport Runway Ph2,Metro West,Excavator,1
2021-10,S011,Airport Runway Ph2,Metro West,Excavator,0
2021-11,S011,Airport Runway Ph2,Metro West,Excavator,0
2021-12,S011,Airport Runway Ph2,Metro West,Excavator,2
2022-01,S011,Airport Runway Ph2,Metro West,Excavator,1
2022-02,S011,Airport Runway Ph2,Metro West,Excavator,1
2022-03,S011,Airport Runway Ph2,Metro West,Excavator,3
2022-04,S011,Airport Runway Ph2,Metro West,Excavator,1
2022-05,S011,Airport Runway Ph2,Metro West,Excavator,1
2022-06,S011,Airport Runway Ph2,Metro West,Excavator,4
2022-07,S011,Airport Runway Ph2,Metro West,Excavator,2
2022-08,S011,Airport Runway Ph2,Metro West,Excavator,7
2022-09,S011,Airport Runway Ph2,Metro West,Excavator,1
2022-10,S011,Airport Runway Ph2,Metro West,Excavator,1
2022-11,S011,Airport Runway Ph2,Metro West,Excavator,0
2022-12,S011,Airport Runway Ph2,Metro West,Excavator,3
2023-01,S011,Airport Runway Ph2,Metro West,Excavator,1
2023-02,S011,Airport Runway Ph2,Metro West,Excavator,1
2023-03,S011,Airport Runway Ph2,Metro West,Excavator,0
2023-04,S011,Airport Runway Ph2,Metro West,Excavator,2
2023-05,S011,Airport Runway Ph2,Metro West,Excavator,0
2023-06,S011,Airport Runway Ph2,Metro West,Excavator,1
2023-07,S011,Airport Runway Ph2,Metro West,Excavator,2
2023-08,S011,Airport Runway Ph2,Metro West,Excavator,4
2023-09,S011,Airport Runway Ph2,Metro West,Excavator,1
2023-10,S011,Airport Runway Ph2,Metro West,Excavator,1
2023-11,S011,Airport Runway Ph2,Metro West,Excavator,2
2023-12,S011,Airport Runway Ph2,Metro West,Excavator,0
2024-01,S011,Airport Runway Ph2,Metro West,Excavator,1
2024-02,S011,Airport Runway Ph2,Metro West,Excavator,0
2024-03,S011,Airport Runway Ph2,Metro West,Excavator,1
2024-04,S011,Airport Runway Ph2,Metro West,Excavator,3
2024-05,S011,Airport Runway Ph2,Metro West,Excavator,3
2024-06,S011,Airport Runway Ph2,Metro West,Excavator,1
2024-07,S011,Airport Runway Ph2,Metro West,Excavator,1
2024-08,S011,Airport Runway Ph2,Metro West,Excavator,3
2024-09,S011,Airport Runway Ph2,Metro West,Excavator,1
2024-10,S011,Airport Runway Ph2,Metro West,Excavator,2
2024-11,S011,Airport Runway Ph2,Metro West,Excavator,3
2024-12,S011,Airport Runway Ph2,Metro West,Excavator,0
2025-01,S011,Airport Runway Ph2,Metro West,Excavator,2
2025-02,S011,Airport Runway Ph2,Metro West,Excavator,1
2025-03,S011,Airport Runway Ph2,Metro West,Excavator,1
2025-04,S011,Airport Runway Ph2,Metro West,Excavator,1
2025-05,S011,Airport Runway Ph2,Metro West,Excavator,1
2025-06,S011,Airport Runway Ph2,Metro West,Excavator,1
2025-07,S011,Airport Runway Ph2,Metro West,Excavator,2
2025-08,S011,Airport Runway Ph2,Metro West,Excavator,4
2025-09,S011,Airport Runway Ph2,Metro West,Excavator,0
2025-10,S011,Airport Runway Ph2,Metro West,Excavator,3
2025-11,S011,Airport Runway Ph2,Metro West,Excavator,2
2025-12,S011,Airport Runway Ph2,Metro West,Excavator,2
2026-01,S011,Airport Runway Ph2,Metro West,Excavator,1
2026-02,S011,Airport Runway Ph2,Metro West,Excavator,1
2026-03,S011,Airport Runway Ph2,Metro West,Excavator,1
2026-04,S011,Airport Runway Ph2,Metro West,Excavator,1
2026-05,S011,Airport Runway Ph2,Metro West,Excavator,4
2026-06,S011,Airport Runway Ph2,Metro West,Excavator,1
2026-07,S011,Airport Runway Ph2,Metro West,Excavator,1
2021-08,S011,Airport Runway Ph2,Metro West,Bulldozer,1
2021-09,S011,Airport Runway Ph2,Metro West,Bulldozer,1
2021-10,S011,Airport Runway Ph2,Metro West,Bulldozer,3
2021-11,S011,Airport Runway Ph2,Metro West,Bulldozer,2
2021-12,S011,Airport Runway Ph2,Metro West,Bulldozer,1
2022-01,S011,Airport Runway Ph2,Metro West,Bulldozer,1
2022-02,S011,Airport Runway Ph2,Metro West,Bulldozer,2
2022-03,S011,Airport Runway Ph2,Metro West,Bulldozer,2
2022-04,S011,Airport Runway Ph2,Metro West,Bulldozer,1
2022-05,S011,Airport Runway Ph2,Metro West,Bulldozer,1
2022-06,S011,Airport Runway Ph2,Metro West,Bulldozer,4
2022-07,S011,Airport Runway Ph2,Metro West,Bulldozer,2
2022-08,S011,Airport Runway Ph2,Metro West,Bulldozer,1
2022-09,S011,Airport Runway Ph2,Metro West,Bulldozer,2
2022-10,S011,Airport Runway Ph2,Metro West,Bulldozer,0
2022-11,S011,Airport Runway Ph2,Metro West,Bulldozer,1
2022-12,S011,Airport Runway Ph2,Metro West,Bulldozer,1
2023-01,S011,Airport Runway Ph2,Metro West,Bulldozer,2
2023-02,S011,Airport Runway Ph2,Metro West,Bulldozer,0
2023-03,S011,Airport Runway Ph2,Metro West,Bulldozer,0
2023-04,S011,Airport Runway Ph2,Metro West,Bulldozer,0
2023-05,S011,Airport Runway Ph2,Metro West,Bulldozer,0
2023-06,S011,Airport Runway Ph2,Metro West,Bulldozer,0
2023-07,S011,Airport Runway Ph2,Metro West,Bulldozer,1
2023-08,S011,Airport Runway Ph2,Metro West,Bulldozer,0
2023-09,S011,Airport Runway Ph2,Metro West,Bulldozer,1
2023-10,S011,Airport Runway Ph2,Metro West,Bulldozer,0
2023-11,S011,Airport Runway Ph2,Metro West,Bulldozer,2
2023-12,S011,Airport Runway Ph2,Metro West,Bulldozer,0
2024-01,S011,Airport Runway Ph2,Metro West,Bulldozer,0
2024-02,S011,Airport Runway Ph2,Metro West,Bulldozer,0
2024-03,S011,Airport Runway Ph2,Metro West,Bulldozer,0
2024-04,S011,Airport Runway Ph2,Metro West,Bulldozer,1
2024-05,S011,Airport Runway Ph2,Metro West,Bulldozer,0
2024-06,S011,Airport Runway Ph2,Metro West,Bulldozer,1
2024-07,S011,Airport Runway Ph2,Metro West,Bulldozer,0
2024-08,S011,Airport Runway Ph2,Metro West,Bulldozer,1
2024-09,S011,Airport Runway Ph2,Metro West,Bulldozer,0
2024-10,S011,Airport Runway Ph2,Metro West,Bulldozer,4
2024-11,S011,Airport Runway Ph2,Metro West,Bulldozer,3
2024-12,S011,Airport Runway Ph2,Metro West,Bulldozer,0
2025-01,S011,Airport Runway Ph2,Metro West,Bulldozer,0
2025-02,S011,Airport Runway Ph2,Metro West,Bulldozer,1
2025-03,S011,Airport Runway Ph2,Metro West,Bulldozer,1
2025-04,S011,Airport Runway Ph2,Metro West,Bulldozer,1
2025-05,S011,Airport Runway Ph2,Metro West,Bulldozer,0
2025-06,S011,Airport Runway Ph2,Metro West,Bulldozer,0
2025-07,S011,Airport Runway Ph2,Metro West,Bulldozer,1
2025-08,S011,Airport Runway Ph2,Metro West,Bulldozer,3
2025-09,S011,Airport Runway Ph2,Metro West,Bulldozer,5
2025-10,S011,Airport Runway Ph2,Metro West,Bulldozer,1
2025-11,S011,Airport Runway Ph2,Metro West,Bulldozer,2
2025-12,S011,Airport Runway Ph2,Metro West,Bulldozer,1
2026-01,S011,Airport Runway Ph2,Metro West,Bulldozer,1
2026-02,S011,Airport Runway Ph2,Metro West,Bulldozer,0
2026-03,S011,Airport Runway Ph2,Metro West,Bulldozer,1
2026-04,S011,Airport Runway Ph2,Metro West,Bulldozer,1
2026-05,S011,Airport Runway Ph2,Metro West,Bulldozer,1
2026-06,S011,Airport Runway Ph2,Metro West,Bulldozer,1
2026-07,S011,Airport Runway Ph2,Metro West,Bulldozer,1
2021-08,S011,Airport Runway Ph2,Metro West,Crane,0
2021-09,S011,Airport Runway Ph2,Metro West,Crane,1
2021-10,S011,Airport Runway Ph2,Metro West,Crane,1
2021-11,S011,Airport Runway Ph2,Metro West,Crane,1
2021-12,S011,Airport Runway Ph2,Metro West,Crane,1
2022-01,S011,Airport Runway Ph2,Metro West,Crane,0
2022-02,S011,Airport Runway Ph2,Metro West,Crane,0
2022-03,S011,Airport Runway Ph2,Metro West,Crane,2
2022-04,S011,Airport Runway Ph2,Metro West,Crane,3
2022-05,S011,Airport Runway Ph2,Metro West,Crane,1
2022-06,S011,Airport Runway Ph2,Metro West,Crane,2
2022-07,S011,Airport Runway Ph2,Metro West,Crane,1
2022-08,S011,Airport Runway Ph2,Metro West,Crane,0
2022-09,S011,Airport Runway Ph2,Metro West,Crane,2
2022-10,S011,Airport Runway Ph2,Metro West,Crane,0
2022-11,S011,Airport Runway Ph2,Metro West,Crane,0
2022-12,S011,Airport Runway Ph2,Metro West,Crane,3
2023-01,S011,Airport Runway Ph2,Metro West,Crane,0
2023-02,S011,Airport Runway Ph2,Metro West,Crane,1
2023-03,S011,Airport Runway Ph2,Metro West,Crane,0
2023-04,S011,Airport Runway Ph2,Metro West,Crane,1
2023-05,S011,Airport Runway Ph2,Metro West,Crane,1
2023-06,S011,Airport Runway Ph2,Metro West,Crane,1
2023-07,S011,Airport Runway Ph2,Metro West,Crane,0
2023-08,S011,Airport Runway Ph2,Metro West,Crane,1
2023-09,S011,Airport Runway Ph2,Metro West,Crane,2
2023-10,S011,Airport Runway Ph2,Metro West,Crane,0
2023-11,S011,Airport Runway Ph2,Metro West,Crane,1
2023-12,S011,Airport Runway Ph2,Metro West,Crane,1
2024-01,S011,Airport Runway Ph2,Metro West,Crane,2
2024-02,S011,Airport Runway Ph2,Metro West,Crane,0
2024-03,S011,Airport Runway Ph2,Metro West,Crane,1
2024-04,S011,Airport Runway Ph2,Metro West,Crane,1
2024-05,S011,Airport Runway Ph2,Metro West,Crane,1
2024-06,S011,Airport Runway Ph2,Metro West,Crane,0
2024-07,S011,Airport Runway Ph2,Metro West,Crane,1
2024-08,S011,Airport Runway Ph2,Metro West,Crane,2
2024-09,S011,Airport Runway Ph2,Metro West,Crane,1
2024-10,S011,Airport Runway Ph2,Metro West,Crane,1
2024-11,S011,Airport Runway Ph2,Metro West,Crane,0
2024-12,S011,Airport Runway Ph2,Metro West,Crane,0
2025-01,S011,Airport Runway Ph2,Metro West,Crane,1
2025-02,S011,Airport Runway Ph2,Metro West,Crane,3
2025-03,S011,Airport Runway Ph2,Metro West,Crane,1
2025-04,S011,Airport Runway Ph2,Metro West,Crane,0
2025-05,S011,Airport Runway Ph2,Metro West,Crane,0
2025-06,S011,Airport Runway Ph2,Metro West,Crane,1
2025-07,S011,Airport Runway Ph2,Metro West,Crane,0
2025-08,S011,Airport Runway Ph2,Metro West,Crane,0
2025-09,S011,Airport Runway Ph2,Metro West,Crane,1
2025-10,S011,Airport Runway Ph2,Metro West,Crane,0
2025-11,S011,Airport Runway Ph2,Metro West,Crane,0
2025-12,S011,Airport Runway Ph2,Metro West,Crane,0
2026-01,S011,Airport Runway Ph2,Metro West,Crane,1
2026-02,S011,Airport Runway Ph2,Metro West,Crane,0
2026-03,S011,Airport Runway Ph2,Metro West,Crane,1
2026-04,S011,Airport Runway Ph2,Metro West,Crane,0
2026-05,S011,Airport Runway Ph2,Metro West,Crane,0
2026-06,S011,Airport Runway Ph2,Metro West,Crane,0
2026-07,S011,Airport Runway Ph2,Metro West,Crane,1
2021-08,S011,Airport Runway Ph2,Metro West,Grader,1
2021-09,S011,Airport Runway Ph2,Metro West,Grader,0
2021-10,S011,Airport Runway Ph2,Metro West,Grader,1
2021-11,S011,Airport Runway Ph2,Metro West,Grader,0
2021-12,S011,Airport Runway Ph2,Metro West,Grader,1
2022-01,S011,Airport Runway Ph2,Metro West,Grader,2
2022-02,S011,Airport Runway Ph2,Metro West,Grader,0
2022-03,S011,Airport Runway Ph2,Metro West,Grader,0
2022-04,S011,Airport Runway Ph2,Metro West,Grader,0
2022-05,S011,Airport Runway Ph2,Metro West,Grader,1
2022-06,S011,Airport Runway Ph2,Metro West,Grader,1
2022-07,S011,Airport Runway Ph2,Metro West,Grader,1
2022-08,S011,Airport Runway Ph2,Metro West,Grader,1
2022-09,S011,Airport Runway Ph2,Metro West,Grader,2
2022-10,S011,Airport Runway Ph2,Metro West,Grader,0
2022-11,S011,Airport Runway Ph2,Metro West,Grader,0
2022-12,S011,Airport Runway Ph2,Metro West,Grader,0
2023-01,S011,Airport Runway Ph2,Metro West,Grader,0
2023-02,S011,Airport Runway Ph2,Metro West,Grader,0
2023-03,S011,Airport Runway Ph2,Metro West,Grader,0
2023-04,S011,Airport Runway Ph2,Metro West,Grader,1
2023-05,S011,Airport Runway Ph2,Metro West,Grader,0
2023-06,S011,Airport Runway Ph2,Metro West,Grader,1
2023-07,S011,Airport Runway Ph2,Metro West,Grader,0
2023-08,S011,Airport Runway Ph2,Metro West,Grader,2
2023-09,S011,Airport Runway Ph2,Metro West,Grader,1
2023-10,S011,Airport Runway Ph2,Metro West,Grader,0
2023-11,S011,Airport Runway Ph2,Metro West,Grader,3
2023-12,S011,Airport Runway Ph2,Metro West,Grader,0
2024-01,S011,Airport Runway Ph2,Metro West,Grader,0
2024-02,S011,Airport Runway Ph2,Metro West,Grader,0
2024-03,S011,Airport Runway Ph2,Metro West,Grader,0
2024-04,S011,Airport Runway Ph2,Metro West,Grader,0
2024-05,S011,Airport Runway Ph2,Metro West,Grader,3
2024-06,S011,Airport Runway Ph2,Metro West,Grader,1
2024-07,S011,Airport Runway Ph2,Metro West,Grader,6
2024-08,S011,Airport Runway Ph2,Metro West,Grader,1
2024-09,S011,Airport Runway Ph2,Metro West,Grader,0
2024-10,S011,Airport Runway Ph2,Metro West,Grader,0
2024-11,S011,Airport Runway Ph2,Metro West,Grader,1
2024-12,S011,Airport Runway Ph2,Metro West,Grader,3
2025-01,S011,Airport Runway Ph2,Metro West,Grader,2
2025-02,S011,Airport Runway Ph2,Metro West,Grader,1
2025-03,S011,Airport Runway Ph2,Metro West,Grader,0
2025-04,S011,Airport Runway Ph2,Metro West,Grader,1
2025-05,S011,Airport Runway Ph2,Metro West,Grader,2
2025-06,S011,Airport Runway Ph2,Metro West,Grader,0
2025-07,S011,Airport Runway Ph2,Metro West,Grader,1
2025-08,S011,Airport Runway Ph2,Metro West,Grader,0
2025-09,S011,Airport Runway Ph2,Metro West,Grader,3
2025-10,S011,Airport Runway Ph2,Metro West,Grader,1
2025-11,S011,Airport Runway Ph2,Metro West,Grader,0
2025-12,S011,Airport Runway Ph2,Metro West,Grader,0
2026-01,S011,Airport Runway Ph2,Metro West,Grader,0
2026-02,S011,Airport Runway Ph2,Metro West,Grader,1
2026-03,S011,Airport Runway Ph2,Metro West,Grader,1
2026-04,S011,Airport Runway Ph2,Metro West,Grader,0
2026-05,S011,Airport Runway Ph2,Metro West,Grader,0
2026-06,S011,Airport Runway Ph2,Metro West,Grader,0
2026-07,S011,Airport Runway Ph2,Metro West,Grader,3
2021-08,S011,Airport Runway Ph2,Metro West,Forklift,1
2021-09,S011,Airport Runway Ph2,Metro West,Forklift,0
2021-10,S011,Airport Runway Ph2,Metro West,Forklift,1
2021-11,S011,Airport Runway Ph2,Metro West,Forklift,0
2021-12,S011,Airport Runway Ph2,Metro West,Forklift,1
2022-01,S011,Airport Runway Ph2,Metro West,Forklift,1
2022-02,S011,Airport Runway Ph2,Metro West,Forklift,1
2022-03,S011,Airport Runway Ph2,Metro West,Forklift,0
2022-04,S011,Airport Runway Ph2,Metro West,Forklift,2
2022-05,S011,Airport Runway Ph2,Metro West,Forklift,1
2022-06,S011,Airport Runway Ph2,Metro West,Forklift,1
2022-07,S011,Airport Runway Ph2,Metro West,Forklift,1
2022-08,S011,Airport Runway Ph2,Metro West,Forklift,1
2022-09,S011,Airport Runway Ph2,Metro West,Forklift,1
2022-10,S011,Airport Runway Ph2,Metro West,Forklift,1
2022-11,S011,Airport Runway Ph2,Metro West,Forklift,1
2022-12,S011,Airport Runway Ph2,Metro West,Forklift,1
2023-01,S011,Airport Runway Ph2,Metro West,Forklift,3
2023-02,S011,Airport Runway Ph2,Metro West,Forklift,1
2023-03,S011,Airport Runway Ph2,Metro West,Forklift,0
2023-04,S011,Airport Runway Ph2,Metro West,Forklift,1
2023-05,S011,Airport Runway Ph2,Metro West,Forklift,0
2023-06,S011,Airport Runway Ph2,Metro West,Forklift,0
2023-07,S011,Airport Runway Ph2,Metro West,Forklift,2
2023-08,S011,Airport Runway Ph2,Metro West,Forklift,1
2023-09,S011,Airport Runway Ph2,Metro West,Forklift,0
2023-10,S011,Airport Runway Ph2,Metro West,Forklift,1
2023-11,S011,Airport Runway Ph2,Metro West,Forklift,3
2023-12,S011,Airport Runway Ph2,Metro West,Forklift,2
2024-01,S011,Airport Runway Ph2,Metro West,Forklift,2
2024-02,S011,Airport Runway Ph2,Metro West,Forklift,2
2024-03,S011,Airport Runway Ph2,Metro West,Forklift,1
2024-04,S011,Airport Runway Ph2,Metro West,Forklift,0
2024-05,S011,Airport Runway Ph2,Metro West,Forklift,0
2024-06,S011,Airport Runway Ph2,Metro West,Forklift,3
2024-07,S011,Airport Runway Ph2,Metro West,Forklift,1
2024-08,S011,Airport Runway Ph2,Metro West,Forklift,0
2024-09,S011,Airport Runway Ph2,Metro West,Forklift,1
2024-10,S011,Airport Runway Ph2,Metro West,Forklift,4
2024-11,S011,Airport Runway Ph2,Metro West,Forklift,0
2024-12,S011,Airport Runway Ph2,Metro West,Forklift,1
2025-01,S011,Airport Runway Ph2,Metro West,Forklift,2
2025-02,S011,Airport Runway Ph2,Metro West,Forklift,1
2025-03,S011,Airport Runway Ph2,Metro West,Forklift,1
2025-04,S011,Airport Runway Ph2,Metro West,Forklift,1
2025-05,S011,Airport Runway Ph2,Metro West,Forklift,1
2025-06,S011,Airport Runway Ph2,Metro West,Forklift,1
2025-07,S011,Airport Runway Ph2,Metro West,Forklift,3
2025-08,S011,Airport Runway Ph2,Metro West,Forklift,1
2025-09,S011,Airport Runway Ph2,Metro West,Forklift,0
2025-10,S011,Airport Runway Ph2,Metro West,Forklift,5
2025-11,S011,Airport Runway Ph2,Metro West,Forklift,1
2025-12,S011,Airport Runway Ph2,Metro West,Forklift,1
2026-01,S011,Airport Runway Ph2,Metro West,Forklift,6
2026-02,S011,Airport Runway Ph2,Metro West,Forklift,2
2026-03,S011,Airport Runway Ph2,Metro West,Forklift,2
2026-04,S011,Airport Runway Ph2,Metro West,Forklift,1
2026-05,S011,Airport Runway Ph2,Metro West,Forklift,2
2026-06,S011,Airport Runway Ph2,Metro West,Forklift,0
2026-07,S011,Airport Runway Ph2,Metro West,Forklift,4
2021-08,S011,Airport Runway Ph2,Metro West,Loader,1
2021-09,S011,Airport Runway Ph2,Metro West,Loader,1
2021-10,S011,Airport Runway Ph2,Metro West,Loader,0
2021-11,S011,Airport Runway Ph2,Metro West,Loader,0
2021-12,S011,Airport Runway Ph2,Metro West,Loader,2
2022-01,S011,Airport Runway Ph2,Metro West,Loader,3
2022-02,S011,Airport Runway Ph2,Metro West,Loader,1
2022-03,S011,Airport Runway Ph2,Metro West,Loader,0
2022-04,S011,Airport Runway Ph2,Metro West,Loader,0
2022-05,S011,Airport Runway Ph2,Metro West,Loader,0
2022-06,S011,Airport Runway Ph2,Metro West,Loader,1
2022-07,S011,Airport Runway Ph2,Metro West,Loader,0
2022-08,S011,Airport Runway Ph2,Metro West,Loader,1
2022-09,S011,Airport Runway Ph2,Metro West,Loader,1
2022-10,S011,Airport Runway Ph2,Metro West,Loader,2
2022-11,S011,Airport Runway Ph2,Metro West,Loader,2
2022-12,S011,Airport Runway Ph2,Metro West,Loader,0
2023-01,S011,Airport Runway Ph2,Metro West,Loader,1
2023-02,S011,Airport Runway Ph2,Metro West,Loader,1
2023-03,S011,Airport Runway Ph2,Metro West,Loader,2
2023-04,S011,Airport Runway Ph2,Metro West,Loader,0
2023-05,S011,Airport Runway Ph2,Metro West,Loader,0
2023-06,S011,Airport Runway Ph2,Metro West,Loader,1
2023-07,S011,Airport Runway Ph2,Metro West,Loader,1
2023-08,S011,Airport Runway Ph2,Metro West,Loader,0
2023-09,S011,Airport Runway Ph2,Metro West,Loader,0
2023-10,S011,Airport Runway Ph2,Metro West,Loader,1
2023-11,S011,Airport Runway Ph2,Metro West,Loader,0
2023-12,S011,Airport Runway Ph2,Metro West,Loader,0
2024-01,S011,Airport Runway Ph2,Metro West,Loader,0
2024-02,S011,Airport Runway Ph2,Metro West,Loader,0
2024-03,S011,Airport Runway Ph2,Metro West,Loader,2
2024-04,S011,Airport Runway Ph2,Metro West,Loader,0
2024-05,S011,Airport Runway Ph2,Metro West,Loader,1
2024-06,S011,Airport Runway Ph2,Metro West,Loader,2
2024-07,S011,Airport Runway Ph2,Metro West,Loader,2
2024-08,S011,Airport Runway Ph2,Metro West,Loader,0
2024-09,S011,Airport Runway Ph2,Metro West,Loader,1
2024-10,S011,Airport Runway Ph2,Metro West,Loader,1
2024-11,S011,Airport Runway Ph2,Metro West,Loader,1
2024-12,S011,Airport Runway Ph2,Metro West,Loader,0
2025-01,S011,Airport Runway Ph2,Metro West,Loader,1
2025-02,S011,Airport Runway Ph2,Metro West,Loader,0
2025-03,S011,Airport Runway Ph2,Metro West,Loader,0
2025-04,S011,Airport Runway Ph2,Metro West,Loader,1
2025-05,S011,Airport Runway Ph2,Metro West,Loader,1
2025-06,S011,Airport Runway Ph2,Metro West,Loader,1
2025-07,S011,Airport Runway Ph2,Metro West,Loader,1
2025-08,S011,Airport Runway Ph2,Metro West,Loader,2
2025-09,S011,Airport Runway Ph2,Metro West,Loader,1
2025-10,S011,Airport Runway Ph2,Metro West,Loader,3
2025-11,S011,Airport Runway Ph2,Metro West,Loader,0
2025-12,S011,Airport Runway Ph2,Metro West,Loader,2
2026-01,S011,Airport Runway Ph2,Metro West,Loader,2
2026-02,S011,Airport Runway Ph2,Metro West,Loader,1
2026-03,S011,Airport Runway Ph2,Metro West,Loader,1
2026-04,S011,Airport Runway Ph2,Metro West,Loader,0
2026-05,S011,Airport Runway Ph2,Metro West,Loader,1
2026-06,S011,Airport Runway Ph2,Metro West,Loader,0
2026-07,S011,Airport Runway Ph2,Metro West,Loader,1
2021-08,S011,Airport Runway Ph2,Metro West,Roller,1
2021-09,S011,Airport Runway Ph2,Metro West,Roller,0
2021-10,S011,Airport Runway Ph2,Metro West,Roller,2
2021-11,S011,Airport Runway Ph2,Metro West,Roller,0
2021-12,S011,Airport Runway Ph2,Metro West,Roller,1
2022-01,S011,Airport Runway Ph2,Metro West,Roller,0
2022-02,S011,Airport Runway Ph2,Metro West,Roller,0
2022-03,S011,Airport Runway Ph2,Metro West,Roller,1
2022-04,S011,Airport Runway Ph2,Metro West,Roller,2
2022-05,S011,Airport Runway Ph2,Metro West,Roller,0
2022-06,S011,Airport Runway Ph2,Metro West,Roller,0
2022-07,S011,Airport Runway Ph2,Metro West,Roller,0
2022-08,S011,Airport Runway Ph2,Metro West,Roller,1
2022-09,S011,Airport Runway Ph2,Metro West,Roller,0
2022-10,S011,Airport Runway Ph2,Metro West,Roller,1
2022-11,S011,Airport Runway Ph2,Metro West,Roller,1
2022-12,S011,Airport Runway Ph2,Metro West,Roller,3
2023-01,S011,Airport Runway Ph2,Metro West,Roller,1
2023-02,S011,Airport Runway Ph2,Metro West,Roller,1
2023-03,S011,Airport Runway Ph2,Metro West,Roller,0
2023-04,S011,Airport Runway Ph2,Metro West,Roller,1
2023-05,S011,Airport Runway Ph2,Metro West,Roller,1
2023-06,S011,Airport Runway Ph2,Metro West,Roller,0
2023-07,S011,Airport Runway Ph2,Metro West,Roller,1
2023-08,S011,Airport Runway Ph2,Metro West,Roller,0
2023-09,S011,Airport Runway Ph2,Metro West,Roller,1
2023-10,S011,Airport Runway Ph2,Metro West,Roller,1
2023-11,S011,Airport Runway Ph2,Metro West,Roller,1
2023-12,S011,Airport Runway Ph2,Metro West,Roller,1
2024-01,S011,Airport Runway Ph2,Metro West,Roller,0
2024-02,S011,Airport Runway Ph2,Metro West,Roller,1
2024-03,S011,Airport Runway Ph2,Metro West,Roller,0
2024-04,S011,Airport Runway Ph2,Metro West,Roller,0
2024-05,S011,Airport Runway Ph2,Metro West,Roller,0
2024-06,S011,Airport Runway Ph2,Metro West,Roller,0
2024-07,S011,Airport Runway Ph2,Metro West,Roller,0
2024-08,S011,Airport Runway Ph2,Metro West,Roller,2
2024-09,S011,Airport Runway Ph2,Metro West,Roller,1
2024-10,S011,Airport Runway Ph2,Metro West,Roller,1
2024-11,S011,Airport Runway Ph2,Metro West,Roller,1
2024-12,S011,Airport Runway Ph2,Metro West,Roller,1
2025-01,S011,Airport Runway Ph2,Metro West,Roller,1
2025-02,S011,Airport Runway Ph2,Metro West,Roller,0
2025-03,S011,Airport Runway Ph2,Metro West,Roller,2
2025-04,S011,Airport Runway Ph2,Metro West,Roller,0
2025-05,S011,Airport Runway Ph2,Metro West,Roller,0
2025-06,S011,Airport Runway Ph2,Metro West,Roller,0
2025-07,S011,Airport Runway Ph2,Metro West,Roller,2
2025-08,S011,Airport Runway Ph2,Metro West,Roller,3
2025-09,S011,Airport Runway Ph2,Metro West,Roller,1
2025-10,S011,Airport Runway Ph2,Metro West,Roller,0
2025-11,S011,Airport Runway Ph2,Metro West,Roller,0
2025-12,S011,Airport Runway Ph2,Metro West,Roller,2
2026-01,S011,Airport Runway Ph2,Metro West,Roller,0
2026-02,S011,Airport Runway Ph2,Metro West,Roller,0
2026-03,S011,Airport Runway Ph2,Metro West,Roller,0
2026-04,S011,Airport Runway Ph2,Metro West,Roller,1
2026-05,S011,Airport Runway Ph2,Metro West,Roller,2
2026-06,S011,Airport Runway Ph2,Metro West,Roller,2
2026-07,S011,Airport Runway Ph2,Metro West,Roller,0
2021-08,S012,Granite Ridge Mine,Highlands,Excavator,2
2021-09,S012,Granite Ridge Mine,Highlands,Excavator,0
2021-10,S012,Granite Ridge Mine,Highlands,Excavator,0
2021-11,S012,Granite Ridge Mine,Highlands,Excavator,0
2021-12,S012,Granite Ridge Mine,Highlands,Excavator,0
2022-01,S012,Granite Ridge Mine,Highlands,Excavator,0
2022-02,S012,Granite Ridge Mine,Highlands,Excavator,1
2022-03,S012,Granite Ridge Mine,Highlands,Excavator,3
2022-04,S012,Granite Ridge Mine,Highlands,Excavator,2
2022-05,S012,Granite Ridge Mine,Highlands,Excavator,3
2022-06,S012,Granite Ridge Mine,Highlands,Excavator,1
2022-07,S012,Granite Ridge Mine,Highlands,Excavator,1
2022-08,S012,Granite Ridge Mine,Highlands,Excavator,5
2022-09,S012,Granite Ridge Mine,Highlands,Excavator,2
2022-10,S012,Granite Ridge Mine,Highlands,Excavator,3
2022-11,S012,Granite Ridge Mine,Highlands,Excavator,2
2022-12,S012,Granite Ridge Mine,Highlands,Excavator,4
2023-01,S012,Granite Ridge Mine,Highlands,Excavator,2
2023-02,S012,Granite Ridge Mine,Highlands,Excavator,0
2023-03,S012,Granite Ridge Mine,Highlands,Excavator,3
2023-04,S012,Granite Ridge Mine,Highlands,Excavator,2
2023-05,S012,Granite Ridge Mine,Highlands,Excavator,3
2023-06,S012,Granite Ridge Mine,Highlands,Excavator,3
2023-07,S012,Granite Ridge Mine,Highlands,Excavator,3
2023-08,S012,Granite Ridge Mine,Highlands,Excavator,4
2023-09,S012,Granite Ridge Mine,Highlands,Excavator,2
2023-10,S012,Granite Ridge Mine,Highlands,Excavator,3
2023-11,S012,Granite Ridge Mine,Highlands,Excavator,1
2023-12,S012,Granite Ridge Mine,Highlands,Excavator,1
2024-01,S012,Granite Ridge Mine,Highlands,Excavator,2
2024-02,S012,Granite Ridge Mine,Highlands,Excavator,1
2024-03,S012,Granite Ridge Mine,Highlands,Excavator,1
2024-04,S012,Granite Ridge Mine,Highlands,Excavator,0
2024-05,S012,Granite Ridge Mine,Highlands,Excavator,3
2024-06,S012,Granite Ridge Mine,Highlands,Excavator,5
2024-07,S012,Granite Ridge Mine,Highlands,Excavator,0
2024-08,S012,Granite Ridge Mine,Highlands,Excavator,2
2024-09,S012,Granite Ridge Mine,Highlands,Excavator,1
2024-10,S012,Granite Ridge Mine,Highlands,Excavator,4
2024-11,S012,Granite Ridge Mine,Highlands,Excavator,1
2024-12,S012,Granite Ridge Mine,Highlands,Excavator,2
2025-01,S012,Granite Ridge Mine,Highlands,Excavator,1
2025-02,S012,Granite Ridge Mine,Highlands,Excavator,0
2025-03,S012,Granite Ridge Mine,Highlands,Excavator,1
2025-04,S012,Granite Ridge Mine,Highlands,Excavator,1
2025-05,S012,Granite Ridge Mine,Highlands,Excavator,2
2025-06,S012,Granite Ridge Mine,Highlands,Excavator,3
2025-07,S012,Granite Ridge Mine,Highlands,Excavator,2
2025-08,S012,Granite Ridge Mine,Highlands,Excavator,4
2025-09,S012,Granite Ridge Mine,Highlands,Excavator,3
2025-10,S012,Granite Ridge Mine,Highlands,Excavator,5
2025-11,S012,Granite Ridge Mine,Highlands,Excavator,4
2025-12,S012,Granite Ridge Mine,Highlands,Excavator,1
2026-01,S012,Granite Ridge Mine,Highlands,Excavator,1
2026-02,S012,Granite Ridge Mine,Highlands,Excavator,2
2026-03,S012,Granite Ridge Mine,Highlands,Excavator,1
2026-04,S012,Granite Ridge Mine,Highlands,Excavator,2
2026-05,S012,Granite Ridge Mine,Highlands,Excavator,0
2026-06,S012,Granite Ridge Mine,Highlands,Excavator,3
2026-07,S012,Granite Ridge Mine,Highlands,Excavator,4
2021-08,S012,Granite Ridge Mine,Highlands,Bulldozer,2
2021-09,S012,Granite Ridge Mine,Highlands,Bulldozer,3
2021-10,S012,Granite Ridge Mine,Highlands,Bulldozer,0
2021-11,S012,Granite Ridge Mine,Highlands,Bulldozer,1
2021-12,S012,Granite Ridge Mine,Highlands,Bulldozer,2
2022-01,S012,Granite Ridge Mine,Highlands,Bulldozer,3
2022-02,S012,Granite Ridge Mine,Highlands,Bulldozer,1
2022-03,S012,Granite Ridge Mine,Highlands,Bulldozer,0
2022-04,S012,Granite Ridge Mine,Highlands,Bulldozer,3
2022-05,S012,Granite Ridge Mine,Highlands,Bulldozer,0
2022-06,S012,Granite Ridge Mine,Highlands,Bulldozer,1
2022-07,S012,Granite Ridge Mine,Highlands,Bulldozer,1
2022-08,S012,Granite Ridge Mine,Highlands,Bulldozer,0
2022-09,S012,Granite Ridge Mine,Highlands,Bulldozer,3
2022-10,S012,Granite Ridge Mine,Highlands,Bulldozer,2
2022-11,S012,Granite Ridge Mine,Highlands,Bulldozer,2
2022-12,S012,Granite Ridge Mine,Highlands,Bulldozer,0
2023-01,S012,Granite Ridge Mine,Highlands,Bulldozer,1
2023-02,S012,Granite Ridge Mine,Highlands,Bulldozer,0
2023-03,S012,Granite Ridge Mine,Highlands,Bulldozer,0
2023-04,S012,Granite Ridge Mine,Highlands,Bulldozer,0
2023-05,S012,Granite Ridge Mine,Highlands,Bulldozer,1
2023-06,S012,Granite Ridge Mine,Highlands,Bulldozer,6
2023-07,S012,Granite Ridge Mine,Highlands,Bulldozer,3
2023-08,S012,Granite Ridge Mine,Highlands,Bulldozer,2
2023-09,S012,Granite Ridge Mine,Highlands,Bulldozer,1
2023-10,S012,Granite Ridge Mine,Highlands,Bulldozer,3
2023-11,S012,Granite Ridge Mine,Highlands,Bulldozer,0
2023-12,S012,Granite Ridge Mine,Highlands,Bulldozer,2
2024-01,S012,Granite Ridge Mine,Highlands,Bulldozer,1
2024-02,S012,Granite Ridge Mine,Highlands,Bulldozer,4
2024-03,S012,Granite Ridge Mine,Highlands,Bulldozer,2
2024-04,S012,Granite Ridge Mine,Highlands,Bulldozer,3
2024-05,S012,Granite Ridge Mine,Highlands,Bulldozer,1
2024-06,S012,Granite Ridge Mine,Highlands,Bulldozer,0
2024-07,S012,Granite Ridge Mine,Highlands,Bulldozer,0
2024-08,S012,Granite Ridge Mine,Highlands,Bulldozer,1
2024-09,S012,Granite Ridge Mine,Highlands,Bulldozer,4
2024-10,S012,Granite Ridge Mine,Highlands,Bulldozer,2
2024-11,S012,Granite Ridge Mine,Highlands,Bulldozer,1
2024-12,S012,Granite Ridge Mine,Highlands,Bulldozer,2
2025-01,S012,Granite Ridge Mine,Highlands,Bulldozer,2
2025-02,S012,Granite Ridge Mine,Highlands,Bulldozer,0
2025-03,S012,Granite Ridge Mine,Highlands,Bulldozer,1
2025-04,S012,Granite Ridge Mine,Highlands,Bulldozer,2
2025-05,S012,Granite Ridge Mine,Highlands,Bulldozer,3
2025-06,S012,Granite Ridge Mine,Highlands,Bulldozer,4
2025-07,S012,Granite Ridge Mine,Highlands,Bulldozer,0
2025-08,S012,Granite Ridge Mine,Highlands,Bulldozer,3
2025-09,S012,Granite Ridge Mine,Highlands,Bulldozer,1
2025-10,S012,Granite Ridge Mine,Highlands,Bulldozer,0
2025-11,S012,Granite Ridge Mine,Highlands,Bulldozer,0
2025-12,S012,Granite Ridge Mine,Highlands,Bulldozer,0
2026-01,S012,Granite Ridge Mine,Highlands,Bulldozer,2
2026-02,S012,Granite Ridge Mine,Highlands,Bulldozer,2
2026-03,S012,Granite Ridge Mine,Highlands,Bulldozer,4
2026-04,S012,Granite Ridge Mine,Highlands,Bulldozer,1
2026-05,S012,Granite Ridge Mine,Highlands,Bulldozer,1
2026-06,S012,Granite Ridge Mine,Highlands,Bulldozer,3
2026-07,S012,Granite Ridge Mine,Highlands,Bulldozer,2
2021-08,S012,Granite Ridge Mine,Highlands,Crane,2
2021-09,S012,Granite Ridge Mine,Highlands,Crane,1
2021-10,S012,Granite Ridge Mine,Highlands,Crane,1
2021-11,S012,Granite Ridge Mine,Highlands,Crane,2
2021-12,S012,Granite Ridge Mine,Highlands,Crane,1
2022-01,S012,Granite Ridge Mine,Highlands,Crane,0
2022-02,S012,Granite Ridge Mine,Highlands,Crane,0
2022-03,S012,Granite Ridge Mine,Highlands,Crane,0
2022-04,S012,Granite Ridge Mine,Highlands,Crane,0
2022-05,S012,Granite Ridge Mine,Highlands,Crane,1
2022-06,S012,Granite Ridge Mine,Highlands,Crane,0
2022-07,S012,Granite Ridge Mine,Highlands,Crane,1
2022-08,S012,Granite Ridge Mine,Highlands,Crane,2
2022-09,S012,Granite Ridge Mine,Highlands,Crane,1
2022-10,S012,Granite Ridge Mine,Highlands,Crane,3
2022-11,S012,Granite Ridge Mine,Highlands,Crane,2
2022-12,S012,Granite Ridge Mine,Highlands,Crane,1
2023-01,S012,Granite Ridge Mine,Highlands,Crane,0
2023-02,S012,Granite Ridge Mine,Highlands,Crane,0
2023-03,S012,Granite Ridge Mine,Highlands,Crane,1
2023-04,S012,Granite Ridge Mine,Highlands,Crane,0
2023-05,S012,Granite Ridge Mine,Highlands,Crane,2
2023-06,S012,Granite Ridge Mine,Highlands,Crane,0
2023-07,S012,Granite Ridge Mine,Highlands,Crane,1
2023-08,S012,Granite Ridge Mine,Highlands,Crane,0
2023-09,S012,Granite Ridge Mine,Highlands,Crane,0
2023-10,S012,Granite Ridge Mine,Highlands,Crane,2
2023-11,S012,Granite Ridge Mine,Highlands,Crane,0
2023-12,S012,Granite Ridge Mine,Highlands,Crane,0
2024-01,S012,Granite Ridge Mine,Highlands,Crane,0
2024-02,S012,Granite Ridge Mine,Highlands,Crane,1
2024-03,S012,Granite Ridge Mine,Highlands,Crane,0
2024-04,S012,Granite Ridge Mine,Highlands,Crane,1
2024-05,S012,Granite Ridge Mine,Highlands,Crane,0
2024-06,S012,Granite Ridge Mine,Highlands,Crane,1
2024-07,S012,Granite Ridge Mine,Highlands,Crane,0
2024-08,S012,Granite Ridge Mine,Highlands,Crane,0
2024-09,S012,Granite Ridge Mine,Highlands,Crane,0
2024-10,S012,Granite Ridge Mine,Highlands,Crane,1
2024-11,S012,Granite Ridge Mine,Highlands,Crane,1
2024-12,S012,Granite Ridge Mine,Highlands,Crane,4
2025-01,S012,Granite Ridge Mine,Highlands,Crane,1
2025-02,S012,Granite Ridge Mine,Highlands,Crane,0
2025-03,S012,Granite Ridge Mine,Highlands,Crane,0
2025-04,S012,Granite Ridge Mine,Highlands,Crane,1
2025-05,S012,Granite Ridge Mine,Highlands,Crane,0
2025-06,S012,Granite Ridge Mine,Highlands,Crane,0
2025-07,S012,Granite Ridge Mine,Highlands,Crane,1
2025-08,S012,Granite Ridge Mine,Highlands,Crane,1
2025-09,S012,Granite Ridge Mine,Highlands,Crane,0
2025-10,S012,Granite Ridge Mine,Highlands,Crane,0
2025-11,S012,Granite Ridge Mine,Highlands,Crane,2
2025-12,S012,Granite Ridge Mine,Highlands,Crane,1
2026-01,S012,Granite Ridge Mine,Highlands,Crane,1
2026-02,S012,Granite Ridge Mine,Highlands,Crane,0
2026-03,S012,Granite Ridge Mine,Highlands,Crane,1
2026-04,S012,Granite Ridge Mine,Highlands,Crane,0
2026-05,S012,Granite Ridge Mine,Highlands,Crane,0
2026-06,S012,Granite Ridge Mine,Highlands,Crane,0
2026-07,S012,Granite Ridge Mine,Highlands,Crane,0
2021-08,S012,Granite Ridge Mine,Highlands,Grader,0
2021-09,S012,Granite Ridge Mine,Highlands,Grader,0
2021-10,S012,Granite Ridge Mine,Highlands,Grader,1
2021-11,S012,Granite Ridge Mine,Highlands,Grader,0
2021-12,S012,Granite Ridge Mine,Highlands,Grader,0
2022-01,S012,Granite Ridge Mine,Highlands,Grader,0
2022-02,S012,Granite Ridge Mine,Highlands,Grader,0
2022-03,S012,Granite Ridge Mine,Highlands,Grader,2
2022-04,S012,Granite Ridge Mine,Highlands,Grader,0
2022-05,S012,Granite Ridge Mine,Highlands,Grader,2
2022-06,S012,Granite Ridge Mine,Highlands,Grader,0
2022-07,S012,Granite Ridge Mine,Highlands,Grader,0
2022-08,S012,Granite Ridge Mine,Highlands,Grader,2
2022-09,S012,Granite Ridge Mine,Highlands,Grader,4
2022-10,S012,Granite Ridge Mine,Highlands,Grader,1
2022-11,S012,Granite Ridge Mine,Highlands,Grader,0
2022-12,S012,Granite Ridge Mine,Highlands,Grader,1
2023-01,S012,Granite Ridge Mine,Highlands,Grader,0
2023-02,S012,Granite Ridge Mine,Highlands,Grader,1
2023-03,S012,Granite Ridge Mine,Highlands,Grader,0
2023-04,S012,Granite Ridge Mine,Highlands,Grader,0
2023-05,S012,Granite Ridge Mine,Highlands,Grader,0
2023-06,S012,Granite Ridge Mine,Highlands,Grader,0
2023-07,S012,Granite Ridge Mine,Highlands,Grader,2
2023-08,S012,Granite Ridge Mine,Highlands,Grader,0
2023-09,S012,Granite Ridge Mine,Highlands,Grader,1
2023-10,S012,Granite Ridge Mine,Highlands,Grader,4
2023-11,S012,Granite Ridge Mine,Highlands,Grader,0
2023-12,S012,Granite Ridge Mine,Highlands,Grader,0
2024-01,S012,Granite Ridge Mine,Highlands,Grader,0
2024-02,S012,Granite Ridge Mine,Highlands,Grader,0
2024-03,S012,Granite Ridge Mine,Highlands,Grader,1
2024-04,S012,Granite Ridge Mine,Highlands,Grader,0
2024-05,S012,Granite Ridge Mine,Highlands,Grader,0
2024-06,S012,Granite Ridge Mine,Highlands,Grader,1
2024-07,S012,Granite Ridge Mine,Highlands,Grader,0
2024-08,S012,Granite Ridge Mine,Highlands,Grader,0
2024-09,S012,Granite Ridge Mine,Highlands,Grader,2
2024-10,S012,Granite Ridge Mine,Highlands,Grader,0
2024-11,S012,Granite Ridge Mine,Highlands,Grader,0
2024-12,S012,Granite Ridge Mine,Highlands,Grader,0
2025-01,S012,Granite Ridge Mine,Highlands,Grader,0
2025-02,S012,Granite Ridge Mine,Highlands,Grader,0
2025-03,S012,Granite Ridge Mine,Highlands,Grader,0
2025-04,S012,Granite Ridge Mine,Highlands,Grader,0
2025-05,S012,Granite Ridge Mine,Highlands,Grader,2
2025-06,S012,Granite Ridge Mine,Highlands,Grader,1
2025-07,S012,Granite Ridge Mine,Highlands,Grader,0
2025-08,S012,Granite Ridge Mine,Highlands,Grader,0
2025-09,S012,Granite Ridge Mine,Highlands,Grader,2
2025-10,S012,Granite Ridge Mine,Highlands,Grader,1
2025-11,S012,Granite Ridge Mine,Highlands,Grader,0
2025-12,S012,Granite Ridge Mine,Highlands,Grader,0
2026-01,S012,Granite Ridge Mine,Highlands,Grader,0
2026-02,S012,Granite Ridge Mine,Highlands,Grader,0
2026-03,S012,Granite Ridge Mine,Highlands,Grader,0
2026-04,S012,Granite Ridge Mine,Highlands,Grader,0
2026-05,S012,Granite Ridge Mine,Highlands,Grader,1
2026-06,S012,Granite Ridge Mine,Highlands,Grader,0
2026-07,S012,Granite Ridge Mine,Highlands,Grader,1
2021-08,S012,Granite Ridge Mine,Highlands,Forklift,1
2021-09,S012,Granite Ridge Mine,Highlands,Forklift,0
2021-10,S012,Granite Ridge Mine,Highlands,Forklift,1
2021-11,S012,Granite Ridge Mine,Highlands,Forklift,1
2021-12,S012,Granite Ridge Mine,Highlands,Forklift,0
2022-01,S012,Granite Ridge Mine,Highlands,Forklift,1
2022-02,S012,Granite Ridge Mine,Highlands,Forklift,0
2022-03,S012,Granite Ridge Mine,Highlands,Forklift,4
2022-04,S012,Granite Ridge Mine,Highlands,Forklift,1
2022-05,S012,Granite Ridge Mine,Highlands,Forklift,0
2022-06,S012,Granite Ridge Mine,Highlands,Forklift,0
2022-07,S012,Granite Ridge Mine,Highlands,Forklift,0
2022-08,S012,Granite Ridge Mine,Highlands,Forklift,2
2022-09,S012,Granite Ridge Mine,Highlands,Forklift,0
2022-10,S012,Granite Ridge Mine,Highlands,Forklift,0
2022-11,S012,Granite Ridge Mine,Highlands,Forklift,0
2022-12,S012,Granite Ridge Mine,Highlands,Forklift,2
2023-01,S012,Granite Ridge Mine,Highlands,Forklift,4
2023-02,S012,Granite Ridge Mine,Highlands,Forklift,0
2023-03,S012,Granite Ridge Mine,Highlands,Forklift,1
2023-04,S012,Granite Ridge Mine,Highlands,Forklift,0
2023-05,S012,Granite Ridge Mine,Highlands,Forklift,0
2023-06,S012,Granite Ridge Mine,Highlands,Forklift,2
2023-07,S012,Granite Ridge Mine,Highlands,Forklift,1
2023-08,S012,Granite Ridge Mine,Highlands,Forklift,3
2023-09,S012,Granite Ridge Mine,Highlands,Forklift,1
2023-10,S012,Granite Ridge Mine,Highlands,Forklift,0
2023-11,S012,Granite Ridge Mine,Highlands,Forklift,1
2023-12,S012,Granite Ridge Mine,Highlands,Forklift,0
2024-01,S012,Granite Ridge Mine,Highlands,Forklift,0
2024-02,S012,Granite Ridge Mine,Highlands,Forklift,0
2024-03,S012,Granite Ridge Mine,Highlands,Forklift,0
2024-04,S012,Granite Ridge Mine,Highlands,Forklift,0
2024-05,S012,Granite Ridge Mine,Highlands,Forklift,2
2024-06,S012,Granite Ridge Mine,Highlands,Forklift,0
2024-07,S012,Granite Ridge Mine,Highlands,Forklift,0
2024-08,S012,Granite Ridge Mine,Highlands,Forklift,3
2024-09,S012,Granite Ridge Mine,Highlands,Forklift,0
2024-10,S012,Granite Ridge Mine,Highlands,Forklift,1
2024-11,S012,Granite Ridge Mine,Highlands,Forklift,4
2024-12,S012,Granite Ridge Mine,Highlands,Forklift,3
2025-01,S012,Granite Ridge Mine,Highlands,Forklift,0
2025-02,S012,Granite Ridge Mine,Highlands,Forklift,1
2025-03,S012,Granite Ridge Mine,Highlands,Forklift,1
2025-04,S012,Granite Ridge Mine,Highlands,Forklift,1
2025-05,S012,Granite Ridge Mine,Highlands,Forklift,2
2025-06,S012,Granite Ridge Mine,Highlands,Forklift,1
2025-07,S012,Granite Ridge Mine,Highlands,Forklift,0
2025-08,S012,Granite Ridge Mine,Highlands,Forklift,2
2025-09,S012,Granite Ridge Mine,Highlands,Forklift,1
2025-10,S012,Granite Ridge Mine,Highlands,Forklift,2
2025-11,S012,Granite Ridge Mine,Highlands,Forklift,1
2025-12,S012,Granite Ridge Mine,Highlands,Forklift,0
2026-01,S012,Granite Ridge Mine,Highlands,Forklift,2
2026-02,S012,Granite Ridge Mine,Highlands,Forklift,1
2026-03,S012,Granite Ridge Mine,Highlands,Forklift,0
2026-04,S012,Granite Ridge Mine,Highlands,Forklift,1
2026-05,S012,Granite Ridge Mine,Highlands,Forklift,1
2026-06,S012,Granite Ridge Mine,Highlands,Forklift,1
2026-07,S012,Granite Ridge Mine,Highlands,Forklift,0
2021-08,S012,Granite Ridge Mine,Highlands,Loader,0
2021-09,S012,Granite Ridge Mine,Highlands,Loader,4
2021-10,S012,Granite Ridge Mine,Highlands,Loader,0
2021-11,S012,Granite Ridge Mine,Highlands,Loader,3
2021-12,S012,Granite Ridge Mine,Highlands,Loader,0
2022-01,S012,Granite Ridge Mine,Highlands,Loader,1
2022-02,S012,Granite Ridge Mine,Highlands,Loader,1
2022-03,S012,Granite Ridge Mine,Highlands,Loader,2
2022-04,S012,Granite Ridge Mine,Highlands,Loader,0
2022-05,S012,Granite Ridge Mine,Highlands,Loader,0
2022-06,S012,Granite Ridge Mine,Highlands,Loader,1
2022-07,S012,Granite Ridge Mine,Highlands,Loader,2
2022-08,S012,Granite Ridge Mine,Highlands,Loader,2
2022-09,S012,Granite Ridge Mine,Highlands,Loader,1
2022-10,S012,Granite Ridge Mine,Highlands,Loader,1
2022-11,S012,Granite Ridge Mine,Highlands,Loader,1
2022-12,S012,Granite Ridge Mine,Highlands,Loader,1
2023-01,S012,Granite Ridge Mine,Highlands,Loader,0
2023-02,S012,Granite Ridge Mine,Highlands,Loader,1
2023-03,S012,Granite Ridge Mine,Highlands,Loader,0
2023-04,S012,Granite Ridge Mine,Highlands,Loader,2
2023-05,S012,Granite Ridge Mine,Highlands,Loader,2
2023-06,S012,Granite Ridge Mine,Highlands,Loader,2
2023-07,S012,Granite Ridge Mine,Highlands,Loader,0
2023-08,S012,Granite Ridge Mine,Highlands,Loader,3
2023-09,S012,Granite Ridge Mine,Highlands,Loader,0
2023-10,S012,Granite Ridge Mine,Highlands,Loader,0
2023-11,S012,Granite Ridge Mine,Highlands,Loader,0
2023-12,S012,Granite Ridge Mine,Highlands,Loader,1
2024-01,S012,Granite Ridge Mine,Highlands,Loader,0
2024-02,S012,Granite Ridge Mine,Highlands,Loader,0
2024-03,S012,Granite Ridge Mine,Highlands,Loader,0
2024-04,S012,Granite Ridge Mine,Highlands,Loader,1
2024-05,S012,Granite Ridge Mine,Highlands,Loader,0
2024-06,S012,Granite Ridge Mine,Highlands,Loader,0
2024-07,S012,Granite Ridge Mine,Highlands,Loader,1
2024-08,S012,Granite Ridge Mine,Highlands,Loader,0
2024-09,S012,Granite Ridge Mine,Highlands,Loader,2
2024-10,S012,Granite Ridge Mine,Highlands,Loader,3
2024-11,S012,Granite Ridge Mine,Highlands,Loader,1
2024-12,S012,Granite Ridge Mine,Highlands,Loader,1
2025-01,S012,Granite Ridge Mine,Highlands,Loader,1
2025-02,S012,Granite Ridge Mine,Highlands,Loader,1
2025-03,S012,Granite Ridge Mine,Highlands,Loader,0
2025-04,S012,Granite Ridge Mine,Highlands,Loader,0
2025-05,S012,Granite Ridge Mine,Highlands,Loader,0
2025-06,S012,Granite Ridge Mine,Highlands,Loader,0
2025-07,S012,Granite Ridge Mine,Highlands,Loader,1
2025-08,S012,Granite Ridge Mine,Highlands,Loader,1
2025-09,S012,Granite Ridge Mine,Highlands,Loader,1
2025-10,S012,Granite Ridge Mine,Highlands,Loader,2
2025-11,S012,Granite Ridge Mine,Highlands,Loader,2
2025-12,S012,Granite Ridge Mine,Highlands,Loader,1
2026-01,S012,Granite Ridge Mine,Highlands,Loader,0
2026-02,S012,Granite Ridge Mine,Highlands,Loader,0
2026-03,S012,Granite Ridge Mine,Highlands,Loader,0
2026-04,S012,Granite Ridge Mine,Highlands,Loader,0
2026-05,S012,Granite Ridge Mine,Highlands,Loader,1
2026-06,S012,Granite Ridge Mine,Highlands,Loader,0
2026-07,S012,Granite Ridge Mine,Highlands,Loader,0
2021-08,S012,Granite Ridge Mine,Highlands,Roller,0
2021-09,S012,Granite Ridge Mine,Highlands,Roller,1
2021-10,S012,Granite Ridge Mine,Highlands,Roller,0
2021-11,S012,Granite Ridge Mine,Highlands,Roller,0
2021-12,S012,Granite Ridge Mine,Highlands,Roller,0
2022-01,S012,Granite Ridge Mine,Highlands,Roller,0
2022-02,S012,Granite Ridge Mine,Highlands,Roller,1
2022-03,S012,Granite Ridge Mine,Highlands,Roller,0
2022-04,S012,Granite Ridge Mine,Highlands,Roller,0
2022-05,S012,Granite Ridge Mine,Highlands,Roller,0
2022-06,S012,Granite Ridge Mine,Highlands,Roller,1
2022-07,S012,Granite Ridge Mine,Highlands,Roller,1
2022-08,S012,Granite Ridge Mine,Highlands,Roller,2
2022-09,S012,Granite Ridge Mine,Highlands,Roller,0
2022-10,S012,Granite Ridge Mine,Highlands,Roller,1
2022-11,S012,Granite Ridge Mine,Highlands,Roller,0
2022-12,S012,Granite Ridge Mine,Highlands,Roller,1
2023-01,S012,Granite Ridge Mine,Highlands,Roller,0
2023-02,S012,Granite Ridge Mine,Highlands,Roller,0
2023-03,S012,Granite Ridge Mine,Highlands,Roller,0
2023-04,S012,Granite Ridge Mine,Highlands,Roller,0
2023-05,S012,Granite Ridge Mine,Highlands,Roller,0
2023-06,S012,Granite Ridge Mine,Highlands,Roller,0
2023-07,S012,Granite Ridge Mine,Highlands,Roller,0
2023-08,S012,Granite Ridge Mine,Highlands,Roller,1
2023-09,S012,Granite Ridge Mine,Highlands,Roller,0
2023-10,S012,Granite Ridge Mine,Highlands,Roller,1
2023-11,S012,Granite Ridge Mine,Highlands,Roller,0
2023-12,S012,Granite Ridge Mine,Highlands,Roller,0
2024-01,S012,Granite Ridge Mine,Highlands,Roller,0
2024-02,S012,Granite Ridge Mine,Highlands,Roller,0
2024-03,S012,Granite Ridge Mine,Highlands,Roller,1
2024-04,S012,Granite Ridge Mine,Highlands,Roller,0
2024-05,S012,Granite Ridge Mine,Highlands,Roller,0
2024-06,S012,Granite Ridge Mine,Highlands,Roller,0
2024-07,S012,Granite Ridge Mine,Highlands,Roller,2
2024-08,S012,Granite Ridge Mine,Highlands,Roller,0
2024-09,S012,Granite Ridge Mine,Highlands,Roller,1
2024-10,S012,Granite Ridge Mine,Highlands,Roller,2
2024-11,S012,Granite Ridge Mine,Highlands,Roller,1
2024-12,S012,Granite Ridge Mine,Highlands,Roller,0
2025-01,S012,Granite Ridge Mine,Highlands,Roller,0
2025-02,S012,Granite Ridge Mine,Highlands,Roller,0
2025-03,S012,Granite Ridge Mine,Highlands,Roller,1
2025-04,S012,Granite Ridge Mine,Highlands,Roller,1
2025-05,S012,Granite Ridge Mine,Highlands,Roller,1
2025-06,S012,Granite Ridge Mine,Highlands,Roller,0
2025-07,S012,Granite Ridge Mine,Highlands,Roller,0
2025-08,S012,Granite Ridge Mine,Highlands,Roller,2
2025-09,S012,Granite Ridge Mine,Highlands,Roller,2
2025-10,S012,Granite Ridge Mine,Highlands,Roller,2
2025-11,S012,Granite Ridge Mine,Highlands,Roller,2
2025-12,S012,Granite Ridge Mine,Highlands,Roller,0
2026-01,S012,Granite Ridge Mine,Highlands,Roller,1
2026-02,S012,Granite Ridge Mine,Highlands,Roller,0
2026-03,S012,Granite Ridge Mine,Highlands,Roller,0
2026-04,S012,Granite Ridge Mine,Highlands,Roller,0
2026-05,S012,Granite Ridge Mine,Highlands,Roller,0
2026-06,S012,Granite Ridge Mine,Highlands,Roller,0
2026-07,S012,Granite Ridge Mine,Highlands,Roller,0
